Workbook

Sheet Pharmacy_Receipts
A1: DR_Date | B1: DR_Time | C1: DR_CheckNo | D1: DR_DocNo | E1: DR_Department | F1: DR_KKM | G1: DR_DocType | H1: DR_PaymentType | I1: DR_DrugCode | J1: DR_DrugName | K1: DR_Supplier | L1: DR_Producer | M1: DR_Qty | N1: DR_PurchasePrice | O1: DR_RetailPrice | P1: DR_SaleDiscount | Q1: DR_CardDiscount | R1: DR_BonusCard | S1: DR_EmployeeTab | T1: DR_SaleType | U1: DR_Position | V1: Amount | W1: BillNo
A2: 44788 | B2: 0.36225694 | C2: 1000 | D2: 13002561 | E2: 13 | F2: 22589 | G2: Retail Sale | H2: 15 | I2: 62322 | J2: Drug Item 86 Ointment | K2: Pulse | L2: Bayer | M2: 3 | N2: 219.73 | O2: 367.66 | P2: 0 | Q2: 0 | S2: 29 | T2: 1 | U2: 4 | V2: 367.66 | W2: 13130000000
A3: 44778 | B3: 0.70761574 | C3: 1001 | D3: 13002561 | E3: 13 | F3: 22589 | G3: Retail Sale | H3: 18 | I3: 78979 | J3: Drug Item 54 Tablets | K3: Avesta | L3: Dr. Reddy's | M3: 2 | N3: 47.12 | O3: 62.37 | P3: 6.24 | Q3: 6.24 | R3: BONUS_CARD | S3: 29 | T3: 1 | U3: 5 | V3: 56.13 | W3: 13130000001
A4: 44800 | B4: 0.74162037 | C4: 1002 | D4: 13002561 | E4: 13 | F4: 22589 | G4: Retail Sale | H4: 18 | I4: 15418 | J4: Drug Item 17 Drops | K4: Avesta | L4: Novartis | M4: 3 | N4: 426.75 | O4: 695.12 | P4: 0 | Q4: 0 | S4: 29 | T4: 1 | U4: 6 | V4: 695.12 | W4: 13130000002
A5: 44801 | B5: 0.47509259 | C5: 1003 | D5: 13002561 | E5: 13 | F5: 22589 | G5: Retail Sale | H5: 18 | I5: 51597 | J5: Drug Item 48 Injection | K5: Pulse | L5: Sanofi | M5: 1 | N5: 522.31 | O5: 675.15 | P5: 33.76 | Q5: 33.76 | R5: BONUS_CARD | S5: 29 | T5: 1 | U5: 1 | V5: 641.39 | W5: 13130000003
A6: 44787 | B6: 0.43666667 | C6: 1004 | D6: 13002561 | E6: 13 | F6: 22589 | G6: Retail Sale | H6: 15 | I6: 36786 | J6: Drug Item 5 Ointment | K6: Pulse | L6: Takeda | M6: 1 | N6: 48.97 | O6: 81.78 | P6: 4.09 | Q6: 4.09 | R6: BONUS_CARD | S6: 29 | T6: 1 | U6: 1 | V6: 77.69 | W6: 13130000004
A7: 44801 | B7: 0.66813657 | C7: 1005 | D7: 13002561 | E7: 13 | F7: 22589 | G7: Retail Sale | H7: 18 | I7: 83535 | J7: Drug Item 76 Cream | K7: Grand Capital | L7: TEVA | M7: 3 | N7: 162.72 | O7: 219.99 | P7: 0 | Q7: 0 | S7: 29 | T7: 1 | U7: 3 | V7: 219.99 | W7: 13130000005
A8: 44797 | B8: 0.6374537 | C8: 1006 | D8: 13002561 | E8: 13 | F8: 22589 | G8: Retail Sale | H8: 18 | I8: 17154 | J8: Drug Item 14 Ointment | K8: Grand Capital | L8: Novartis | M8: 3 | N8: 456.34 | O8: 766.02 | P8: 38.3 | Q8: 38.3 | R8: BONUS_CARD | S8: 29 | T8: 1 | U8: 4 | V8: 727.72 | W8: 13130000006
A9: 44797 | B9: 0.75806713 | C9: 1007 | D9: 13002561 | E9: 13 | F9: 22589 | G9: Retail Sale | H9: 18 | I9: 62677 | J9: Drug Item 80 Drops | K9: Pulse | L9: Sanofi | M9: 3 | N9: 455.3 | O9: 625.23 | P9: 31.26 | Q9: 31.26 | R9: BONUS_CARD | S9: 29 | T9: 1 | U9: 4 | V9: 593.97 | W9: 13130000007
A10: 44778 | B10: 0.41453704 | C10: 1008 | D10: 13002561 | E10: 13 | F10: 22589 | G10: Retail Sale | H10: 15 | I10: 24428 | J10: Drug Item 76 Cream | K10: Grand Capital | L10: Dr. Reddy's | M10: 2 | N10: 359.78 | O10: 481.52 | P10: 0 | Q10: 0 | S10: 29 | T10: 1 | U10: 3 | V10: 481.52 | W10: 13130000008
A11: 44798 | B11: 0.68673611 | C11: 1009 | D11: 13002561 | E11: 13 | F11: 22589 | G11: Retail Sale | H11: 18 | I11: 69547 | J11: Drug Item 31 Cream | K11: Grand Capital | L11: TEVA | M11: 1 | N11: 110 | O11: 141.38 | P11: 7.07 | Q11: 7.07 | R11: BONUS_CARD | S11: 29 | T11: 1 | U11: 3 | V11: 134.31 | W11: 13130000009
A12: 44781 | B12: 0.34626157 | C12: 1010 | D12: 13002561 | E12: 13 | F12: 22589 | G12: Retail Sale | H12: 15 | I12: 83441 | J12: Drug Item 89 Drops | K12: Katren | L12: Takeda | M12: 2 | N12: 579.29 | O12: 843.98 | P12: 84.4 | Q12: 84.4 | R12: BONUS_CARD | S12: 29 | T12: 1 | U12: 6 | V12: 759.58 | W12: 13130000010
A13: 44803 | B13: 0.88873843 | C13: 1011 | D13: 13002561 | E13: 13 | F13: 22589 | G13: Retail Sale | H13: 15 | I13: 62573 | J13: Drug Item 86 Ointment | K13: Protek | L13: Novartis | M13: 3 | N13: 155.22 | O13: 199.26 | P13: 19.93 | Q13: 19.93 | R13: BONUS_CARD | S13: 29 | T13: 1 | U13: 1 | V13: 179.33 | W13: 13130000011
A14: 44774 | B14: 0.90581019 | C14: 1012 | D14: 13002561 | E14: 13 | F14: 22589 | G14: Retail Sale | H14: 15 | I14: 12185 | J14: Drug Item 62 Drops | K14: Protek | L14: KRKA | M14: 1 | N14: 345.11 | O14: 519.76 | P14: 25.99 | Q14: 25.99 | R14: BONUS_CARD | S14: 29 | T14: 1 | U14: 3 | V14: 493.77 | W14: 13130000012
A15: 44780 | B15: 0.56715278 | C15: 1013 | D15: 13002561 | E15: 13 | F15: 22589 | G15: Retail Sale | H15: 18 | I15: 99935 | J15: Drug Item 45 Tablets | K15: Protek | L15: Dr. Reddy's | M15: 1 | N15: 457.19 | O15: 746.15 | P15: 0 | Q15: 0 | S15: 29 | T15: 1 | U15: 3 | V15: 746.15 | W15: 13130000013
A16: 44799 | B16: 0.61986111 | C16: 1014 | D16: 13002561 | E16: 13 | F16: 22589 | G16: Retail Sale | H16: 15 | I16: 64118 | J16: Drug Item 1 Capsules | K16: Avesta | L16: Novartis | M16: 3 | N16: 61.15 | O16: 103.4 | P16: 10.34 | Q16: 10.34 | R16: BONUS_CARD | S16: 29 | T16: 1 | U16: 3 | V16: 93.06 | W16: 13130000014
A17: 44780 | B17: 0.44603009 | C17: 1015 | D17: 13002561 | E17: 13 | F17: 22589 | G17: Retail Sale | H17: 15 | I17: 12583 | J17: Drug Item 4 Cream | K17: Pulse | L17: Pfizer | M17: 2 | N17: 210.41 | O17: 334.92 | P17: 0 | Q17: 0 | S17: 29 | T17: 1 | U17: 2 | V17: 334.92 | W17: 13130000015
A18: 44788 | B18: 0.69896991 | C18: 1016 | D18: 13002561 | E18: 13 | F18: 22589 | G18: Retail Sale | H18: 15 | I18: 74327 | J18: Drug Item 39 Injection | K18: Pulse | L18: Pfizer | M18: 2 | N18: 557.52 | O18: 744.91 | P18: 0 | Q18: 0 | S18: 29 | T18: 1 | U18: 5 | V18: 744.91 | W18: 13130000016
A19: 44783 | B19: 0.49201389 | C19: 1017 | D19: 13002561 | E19: 13 | F19: 22589 | G19: Retail Sale | H19: 18 | I19: 45437 | J19: Drug Item 26 Drops | K19: Grand Capital | L19: Takeda | M19: 3 | N19: 195.09 | O19: 312.2 | P19: 15.61 | Q19: 15.61 | R19: BONUS_CARD | S19: 29 | T19: 1 | U19: 3 | V19: 296.59 | W19: 13130000017
A20: 44789 | B20: 0.88840278 | C20: 1018 | D20: 13002561 | E20: 13 | F20: 22589 | G20: Retail Sale | H20: 18 | I20: 37457 | J20: Drug Item 49 Cream | K20: Katren | L20: Bayer | M20: 1 | N20: 178.09 | O20: 286.41 | P20: 28.64 | Q20: 28.64 | R20: BONUS_CARD | S20: 29 | T20: 1 | U20: 6 | V20: 257.77 | W20: 13130000018
A21: 44787 | B21: 0.8121412 | C21: 1019 | D21: 13002561 | E21: 13 | F21: 22589 | G21: Retail Sale | H21: 18 | I21: 92747 | J21: Drug Item 20 Syrup | K21: Katren | L21: Novartis | M21: 2 | N21: 400.67 | O21: 551 | P21: 55.1 | Q21: 55.1 | R21: BONUS_CARD | S21: 29 | T21: 1 | U21: 3 | V21: 495.9 | W21: 13130000019
A22: 44804 | B22: 0.58414352 | C22: 1020 | D22: 13002561 | E22: 13 | F22: 22589 | G22: Retail Sale | H22: 18 | I22: 17699 | J22: Drug Item 50 Ointment | K22: Katren | L22: TEVA | M22: 3 | N22: 78.69 | O22: 116.24 | P22: 11.62 | Q22: 11.62 | R22: BONUS_CARD | S22: 29 | T22: 1 | U22: 4 | V22: 104.62 | W22: 13130000020
A23: 44776 | B23: 0.39581019 | C23: 1021 | D23: 13002561 | E23: 13 | F23: 22589 | G23: Retail Sale | H23: 15 | I23: 22329 | J23: Drug Item 36 Tablets | K23: Katren | L23: Novartis | M23: 2 | N23: 598.53 | O23: 839.18 | P23: 41.96 | Q23: 41.96 | R23: BONUS_CARD | S23: 29 | T23: 1 | U23: 6 | V23: 797.22 | W23: 13130000021
A24: 44774 | B24: 0.87270833 | C24: 1022 | D24: 13002561 | E24: 13 | F24: 22589 | G24: Retail Sale | H24: 15 | I24: 72796 | J24: Drug Item 53 Drops | K24: Protek | L24: Novartis | M24: 3 | N24: 551.38 | O24: 733.39 | P24: 36.67 | Q24: 36.67 | R24: BONUS_CARD | S24: 29 | T24: 1 | U24: 2 | V24: 696.72 | W24: 13130000022
A25: 44804 | B25: 0.51577546 | C25: 1023 | D25: 13002561 | E25: 13 | F25: 22589 | G25: Retail Sale | H25: 15 | I25: 58541 | J25: Drug Item 3 Injection | K25: Pharmcomplect | L25: Novartis | M25: 1 | N25: 431.25 | O25: 649.36 | P25: 32.47 | Q25: 32.47 | R25: BONUS_CARD | S25: 29 | T25: 1 | U25: 6 | V25: 616.89 | W25: 13130000023
A26: 44796 | B26: 0.50699074 | C26: 1024 | D26: 13002561 | E26: 13 | F26: 22589 | G26: Retail Sale | H26: 15 | I26: 58374 | J26: Drug Item 85 Cream | K26: Pulse | L26: Pfizer | M26: 3 | N26: 279.78 | O26: 409.16 | P26: 0 | Q26: 0 | S26: 29 | T26: 1 | U26: 3 | V26: 409.16 | W26: 13130000024
A27: 44799 | B27: 0.41412037 | C27: 1025 | D27: 13002561 | E27: 13 | F27: 22589 | G27: Retail Sale | H27: 15 | I27: 83109 | J27: Drug Item 80 Drops | K27: Grand Capital | L27: Sanofi | M27: 2 | N27: 422.8 | O27: 547.39 | P27: 27.37 | Q27: 27.37 | R27: BONUS_CARD | S27: 29 | T27: 1 | U27: 5 | V27: 520.02 | W27: 13130000025
A28: 44784 | B28: 0.78320602 | C28: 1026 | D28: 13002561 | E28: 13 | F28: 22589 | G28: Retail Sale | H28: 18 | I28: 29788 | J28: Drug Item 16 Spray | K28: Avesta | L28: TEVA | M28: 1 | N28: 471.03 | O28: 747.49 | P28: 37.37 | Q28: 37.37 | R28: BONUS_CARD | S28: 29 | T28: 1 | U28: 5 | V28: 710.12 | W28: 13130000026
A29: 44775 | B29: 0.65376157 | C29: 1027 | D29: 13002561 | E29: 13 | F29: 22589 | G29: Retail Sale | H29: 18 | I29: 67352 | J29: Drug Item 34 Spray | K29: Katren | L29: KRKA | M29: 1 | N29: 177.33 | O29: 273.62 | P29: 0 | Q29: 0 | S29: 29 | T29: 1 | U29: 1 | V29: 273.62 | W29: 13130000027
A30: 44778 | B30: 0.55001157 | C30: 1028 | D30: 13002561 | E30: 13 | F30: 22589 | G30: Retail Sale | H30: 15 | I30: 30822 | J30: Drug Item 81 Tablets | K30: Protek | L30: Pfizer | M30: 1 | N30: 209.03 | O30: 306.95 | P30: 15.35 | Q30: 15.35 | R30: BONUS_CARD | S30: 29 | T30: 1 | U30: 3 | V30: 291.6 | W30: 13130000028
A31: 44780 | B31: 0.38306713 | C31: 1029 | D31: 13002561 | E31: 13 | F31: 22589 | G31: Retail Sale | H31: 15 | I31: 99791 | J31: Drug Item 87 Gel | K31: Grand Capital | L31: Sanofi | M31: 2 | N31: 481.35 | O31: 616.25 | P31: 30.81 | Q31: 30.81 | R31: BONUS_CARD | S31: 29 | T31: 1 | U31: 3 | V31: 585.44 | W31: 13130000029
A32: 44797 | B32: 0.80503472 | C32: 1030 | D32: 13002561 | E32: 13 | F32: 22589 | G32: Retail Sale | H32: 15 | I32: 45085 | J32: Drug Item 71 Drops | K32: Pharmcomplect | L32: Novartis | M32: 2 | N32: 202.75 | O32: 314.71 | P32: 0 | Q32: 0 | S32: 29 | T32: 1 | U32: 5 | V32: 314.71 | W32: 13130000030
A33: 44804 | B33: 0.84984954 | C33: 1031 | D33: 13002561 | E33: 13 | F33: 22589 | G33: Retail Sale | H33: 18 | I33: 64341 | J33: Drug Item 11 Syrup | K33: Grand Capital | L33: Takeda | M33: 1 | N33: 541.58 | O33: 694.38 | P33: 34.72 | Q33: 34.72 | R33: BONUS_CARD | S33: 29 | T33: 1 | U33: 3 | V33: 659.66 | W33: 13130000031
A34: 44792 | B34: 0.82591435 | C34: 1032 | D34: 13002561 | E34: 13 | F34: 22589 | G34: Retail Sale | H34: 15 | I34: 67951 | J34: Drug Item 90 Tablets | K34: Pulse | L34: Bayer | M34: 3 | N34: 372.78 | O34: 563.36 | P34: 0 | Q34: 0 | S34: 29 | T34: 1 | U34: 6 | V34: 563.36 | W34: 13130000032
A35: 44780 | B35: 0.9005787 | C35: 1033 | D35: 13002561 | E35: 13 | F35: 22589 | G35: Retail Sale | H35: 18 | I35: 38944 | J35: Drug Item 11 Syrup | K35: Avesta | L35: TEVA | M35: 2 | N35: 306.39 | O35: 452.69 | P35: 22.63 | Q35: 22.63 | R35: BONUS_CARD | S35: 29 | T35: 1 | U35: 5 | V35: 430.06 | W35: 13130000033
A36: 44799 | B36: 0.49253472 | C36: 1034 | D36: 13002561 | E36: 13 | F36: 22589 | G36: Retail Sale | H36: 15 | I36: 26854 | J36: Drug Item 60 Gel | K36: Grand Capital | L36: Takeda | M36: 3 | N36: 408.08 | O36: 670.44 | P36: 67.04 | Q36: 67.04 | R36: BONUS_CARD | S36: 29 | T36: 1 | U36: 3 | V36: 603.4 | W36: 13130000034
A37: 44789 | B37: 0.39381944 | C37: 1035 | D37: 13002561 | E37: 13 | F37: 22589 | G37: Retail Sale | H37: 15 | I37: 26775 | J37: Drug Item 18 Tablets | K37: Avesta | L37: Sanofi | M37: 2 | N37: 52.98 | O37: 72.46 | P37: 3.62 | Q37: 3.62 | R37: BONUS_CARD | S37: 29 | T37: 1 | U37: 2 | V37: 68.84 | W37: 13130000035
A38: 44785 | B38: 0.58221065 | C38: 1036 | D38: 13002561 | E38: 13 | F38: 22589 | G38: Retail Sale | H38: 18 | I38: 42575 | J38: Drug Item 5 Ointment | K38: Pulse | L38: Pfizer | M38: 1 | N38: 145.46 | O38: 186.11 | P38: 18.61 | Q38: 18.61 | R38: BONUS_CARD | S38: 29 | T38: 1 | U38: 4 | V38: 167.5 | W38: 13130000036
A39: 44787 | B39: 0.78710648 | C39: 1037 | D39: 13002561 | E39: 13 | F39: 22589 | G39: Retail Sale | H39: 18 | I39: 38901 | J39: Drug Item 88 Spray | K39: Protek | L39: Novartis | M39: 3 | N39: 293.27 | O39: 404.37 | P39: 40.44 | Q39: 40.44 | R39: BONUS_CARD | S39: 29 | T39: 1 | U39: 2 | V39: 363.93 | W39: 13130000037
A40: 44782 | B40: 0.64002315 | C40: 1038 | D40: 13002561 | E40: 13 | F40: 22589 | G40: Retail Sale | H40: 15 | I40: 40966 | J40: Drug Item 54 Tablets | K40: Pharmcomplect | L40: TEVA | M40: 2 | N40: 206.36 | O40: 289.99 | P40: 14.5 | Q40: 14.5 | R40: BONUS_CARD | S40: 29 | T40: 1 | U40: 2 | V40: 275.49 | W40: 13130000038
A41: 44779 | B41: 0.43457176 | C41: 1039 | D41: 13002561 | E41: 13 | F41: 22589 | G41: Retail Sale | H41: 18 | I41: 27087 | J41: Drug Item 11 Syrup | K41: Katren | L41: Dr. Reddy's | M41: 3 | N41: 546.44 | O41: 708.01 | P41: 0 | Q41: 0 | S41: 29 | T41: 1 | U41: 3 | V41: 708.01 | W41: 13130000039
A42: 44793 | B42: 0.65591435 | C42: 1040 | D42: 13002561 | E42: 13 | F42: 22589 | G42: Retail Sale | H42: 18 | I42: 84850 | J42: Drug Item 77 Ointment | K42: Pulse | L42: Sanofi | M42: 2 | N42: 242.45 | O42: 411.77 | P42: 20.59 | Q42: 20.59 | R42: BONUS_CARD | S42: 29 | T42: 1 | U42: 6 | V42: 391.18 | W42: 13130000040
A43: 44797 | B43: 0.3705787 | C43: 1041 | D43: 13002561 | E43: 13 | F43: 22589 | G43: Retail Sale | H43: 18 | I43: 27996 | J43: Drug Item 54 Tablets | K43: Pulse | L43: Bayer | M43: 3 | N43: 222.1 | O43: 328.61 | P43: 16.43 | Q43: 16.43 | R43: BONUS_CARD | S43: 29 | T43: 1 | U43: 4 | V43: 312.18 | W43: 13130000041
A44: 44802 | B44: 0.6305787 | C44: 1042 | D44: 13002561 | E44: 13 | F44: 22589 | G44: Retail Sale | H44: 18 | I44: 74968 | J44: Drug Item 39 Injection | K44: Protek | L44: Sanofi | M44: 3 | N44: 471.03 | O44: 692.06 | P44: 0 | Q44: 0 | S44: 29 | T44: 1 | U44: 3 | V44: 692.06 | W44: 13130000042
A45: 44798 | B45: 0.49991898 | C45: 1043 | D45: 13002561 | E45: 13 | F45: 22589 | G45: Retail Sale | H45: 15 | I45: 93326 | J45: Drug Item 32 Ointment | K45: Pharmcomplect | L45: Takeda | M45: 2 | N45: 511.95 | O45: 655.48 | P45: 32.77 | Q45: 32.77 | R45: BONUS_CARD | S45: 29 | T45: 1 | U45: 3 | V45: 622.71 | W45: 13130000043
A46: 44788 | B46: 0.48965278 | C46: 1044 | D46: 13002561 | E46: 13 | F46: 22589 | G46: Retail Sale | H46: 18 | I46: 73888 | J46: Drug Item 42 Gel | K46: Pharmcomplect | L46: Novartis | M46: 1 | N46: 527.76 | O46: 892.67 | P46: 89.27 | Q46: 89.27 | R46: BONUS_CARD | S46: 29 | T46: 1 | U46: 2 | V46: 803.4 | W46: 13130000044
A47: 44795 | B47: 0.83635417 | C47: 1045 | D47: 13002561 | E47: 13 | F47: 22589 | G47: Retail Sale | H47: 18 | I47: 19129 | J47: Drug Item 45 Tablets | K47: Pulse | L47: Sanofi | M47: 2 | N47: 315.28 | O47: 453.92 | P47: 22.7 | Q47: 22.7 | R47: BONUS_CARD | S47: 29 | T47: 1 | U47: 5 | V47: 431.22 | W47: 13130000045
A48: 44783 | B48: 0.50483796 | C48: 1046 | D48: 13002561 | E48: 13 | F48: 22589 | G48: Retail Sale | H48: 18 | I48: 56085 | J48: Drug Item 33 Gel | K48: Avesta | L48: Pfizer | M48: 2 | N48: 69.9 | O48: 114.23 | P48: 0 | Q48: 0 | S48: 29 | T48: 1 | U48: 5 | V48: 114.23 | W48: 13130000046
A49: 44790 | B49: 0.47270833 | C49: 1047 | D49: 13002561 | E49: 13 | F49: 22589 | G49: Retail Sale | H49: 15 | I49: 43260 | J49: Drug Item 20 Syrup | K49: Protek | L49: Bayer | M49: 1 | N49: 137.09 | O49: 205.99 | P49: 20.6 | Q49: 20.6 | R49: BONUS_CARD | S49: 29 | T49: 1 | U49: 4 | V49: 185.39 | W49: 13130000047
A50: 44790 | B50: 0.61431713 | C50: 1048 | D50: 13002561 | E50: 13 | F50: 22589 | G50: Retail Sale | H50: 18 | I50: 45305 | J50: Drug Item 57 Injection | K50: Avesta | L50: Pfizer | M50: 3 | N50: 246.45 | O50: 382.79 | P50: 19.14 | Q50: 19.14 | R50: BONUS_CARD | S50: 29 | T50: 1 | U50: 3 | V50: 363.65 | W50: 13130000048
A51: 44782 | B51: 0.3696875 | C51: 1049 | D51: 13002561 | E51: 13 | F51: 22589 | G51: Retail Sale | H51: 18 | I51: 19578 | J51: Drug Item 20 Syrup | K51: Pharmcomplect | L51: TEVA | M51: 1 | N51: 449.5 | O51: 685.66 | P51: 0 | Q51: 0 | S51: 29 | T51: 1 | U51: 5 | V51: 685.66 | W51: 13130000049
A52: 44789 | B52: 0.85431713 | C52: 1050 | D52: 13002561 | E52: 13 | F52: 22589 | G52: Retail Sale | H52: 18 | I52: 49755 | J52: Drug Item 10 Capsules | K52: Katren | L52: Novartis | M52: 2 | N52: 294.35 | O52: 400.83 | P52: 20.04 | Q52: 20.04 | R52: BONUS_CARD | S52: 29 | T52: 1 | U52: 1 | V52: 380.79 | W52: 13130000050
A53: 44786 | B53: 0.48226852 | C53: 1051 | D53: 13002561 | E53: 13 | F53: 22589 | G53: Retail Sale | H53: 15 | I53: 97792 | J53: Drug Item 56 Syrup | K53: Pharmcomplect | L53: Takeda | M53: 2 | N53: 166.17 | O53: 275.09 | P53: 27.51 | Q53: 27.51 | R53: BONUS_CARD | S53: 29 | T53: 1 | U53: 3 | V53: 247.58 | W53: 13130000051
A54: 44778 | B54: 0.690625 | C54: 1052 | D54: 13002561 | E54: 13 | F54: 22589 | G54: Retail Sale | H54: 18 | I54: 32029 | J54: Drug Item 54 Tablets | K54: Pulse | L54: TEVA | M54: 3 | N54: 194.25 | O54: 288.07 | P54: 28.81 | Q54: 28.81 | R54: BONUS_CARD | S54: 29 | T54: 1 | U54: 3 | V54: 259.26 | W54: 13130000052
A55: 44790 | B55: 0.56675926 | C55: 1053 | D55: 13002561 | E55: 13 | F55: 22589 | G55: Retail Sale | H55: 15 | I55: 70316 | J55: Drug Item 36 Tablets | K55: Katren | L55: Pfizer | M55: 1 | N55: 42.71 | O55: 56.19 | P55: 0 | Q55: 0 | S55: 29 | T55: 1 | U55: 6 | V55: 56.19 | W55: 13130000053
A56: 44791 | B56: 0.53828704 | C56: 1054 | D56: 13002561 | E56: 13 | F56: 22589 | G56: Retail Sale | H56: 15 | I56: 71917 | J56: Drug Item 77 Ointment | K56: Pulse | L56: Pfizer | M56: 2 | N56: 198.64 | O56: 248.47 | P56: 24.85 | Q56: 24.85 | R56: BONUS_CARD | S56: 29 | T56: 1 | U56: 2 | V56: 223.62 | W56: 13130000054
A57: 44802 | B57: 0.68107639 | C57: 1055 | D57: 13002561 | E57: 13 | F57: 22589 | G57: Retail Sale | H57: 18 | I57: 23240 | J57: Drug Item 68 Ointment | K57: Avesta | L57: Sanofi | M57: 2 | N57: 302.03 | O57: 400.56 | P57: 0 | Q57: 0 | S57: 29 | T57: 1 | U57: 4 | V57: 400.56 | W57: 13130000055
A58: 44803 | B58: 0.46957176 | C58: 1056 | D58: 13002561 | E58: 13 | F58: 22589 | G58: Retail Sale | H58: 15 | I58: 63702 | J58: Drug Item 50 Ointment | K58: Pharmcomplect | L58: Sanofi | M58: 2 | N58: 499.78 | O58: 816.19 | P58: 40.81 | Q58: 40.81 | R58: BONUS_CARD | S58: 29 | T58: 1 | U58: 6 | V58: 775.38 | W58: 13130000056
A59: 44785 | B59: 0.57534722 | C59: 1057 | D59: 13002561 | E59: 13 | F59: 22589 | G59: Retail Sale | H59: 15 | I59: 52177 | J59: Drug Item 17 Drops | K59: Avesta | L59: Sanofi | M59: 1 | N59: 260.72 | O59: 421.49 | P59: 0 | Q59: 0 | S59: 29 | T59: 1 | U59: 3 | V59: 421.49 | W59: 13130000057
A60: 44776 | B60: 0.63596065 | C60: 1058 | D60: 13002561 | E60: 13 | F60: 22589 | G60: Retail Sale | H60: 18 | I60: 10141 | J60: Drug Item 49 Cream | K60: Katren | L60: Pfizer | M60: 3 | N60: 567.18 | O60: 734.09 | P60: 36.7 | Q60: 36.7 | R60: BONUS_CARD | S60: 29 | T60: 1 | U60: 6 | V60: 697.39 | W60: 13130000058
A61: 44789 | B61: 0.62113426 | C61: 1059 | D61: 13002561 | E61: 13 | F61: 22589 | G61: Retail Sale | H61: 18 | I61: 20196 | J61: Drug Item 78 Gel | K61: Avesta | L61: TEVA | M61: 3 | N61: 327.77 | O61: 547.1 | P61: 54.71 | Q61: 54.71 | R61: BONUS_CARD | S61: 29 | T61: 1 | U61: 1 | V61: 492.39 | W61: 13130000059
A62: 44780 | B62: 0.83143519 | C62: 1060 | D62: 13002561 | E62: 13 | F62: 22589 | G62: Retail Sale | H62: 18 | I62: 30071 | J62: Drug Item 37 Capsules | K62: Grand Capital | L62: Takeda | M62: 2 | N62: 382.34 | O62: 546.94 | P62: 54.69 | Q62: 54.69 | R62: BONUS_CARD | S62: 29 | T62: 1 | U62: 5 | V62: 492.25 | W62: 13130000060
A63: 44801 | B63: 0.5958912 | C63: 1061 | D63: 13002561 | E63: 13 | F63: 22589 | G63: Retail Sale | H63: 15 | I63: 14973 | J63: Drug Item 87 Gel | K63: Pulse | L63: KRKA | M63: 2 | N63: 342.5 | O63: 489.04 | P63: 48.9 | Q63: 48.9 | R63: BONUS_CARD | S63: 29 | T63: 1 | U63: 6 | V63: 440.14 | W63: 13130000061
A64: 44786 | B64: 0.55042824 | C64: 1062 | D64: 13002561 | E64: 13 | F64: 22589 | G64: Retail Sale | H64: 15 | I64: 55859 | J64: Drug Item 56 Syrup | K64: Protek | L64: KRKA | M64: 3 | N64: 58.28 | O64: 91.44 | P64: 9.14 | Q64: 9.14 | R64: BONUS_CARD | S64: 29 | T64: 1 | U64: 3 | V64: 82.3 | W64: 13130000062
A65: 44800 | B65: 0.64799769 | C65: 1063 | D65: 13002561 | E65: 13 | F65: 22589 | G65: Retail Sale | H65: 15 | I65: 45075 | J65: Drug Item 74 Syrup | K65: Pharmcomplect | L65: Sanofi | M65: 2 | N65: 556.46 | O65: 760.56 | P65: 0 | Q65: 0 | S65: 29 | T65: 1 | U65: 1 | V65: 760.56 | W65: 13130000063
A66: 44779 | B66: 0.65877315 | C66: 1064 | D66: 13002561 | E66: 13 | F66: 22589 | G66: Retail Sale | H66: 15 | I66: 14770 | J66: Drug Item 88 Spray | K66: Avesta | L66: Novartis | M66: 3 | N66: 242.6 | O66: 358.33 | P66: 17.92 | Q66: 17.92 | R66: BONUS_CARD | S66: 29 | T66: 1 | U66: 2 | V66: 340.41 | W66: 13130000064
A67: 44804 | B67: 0.54516204 | C67: 1065 | D67: 13002561 | E67: 13 | F67: 22589 | G67: Retail Sale | H67: 18 | I67: 49370 | J67: Drug Item 49 Cream | K67: Avesta | L67: KRKA | M67: 2 | N67: 257.25 | O67: 358.33 | P67: 0 | Q67: 0 | S67: 29 | T67: 1 | U67: 1 | V67: 358.33 | W67: 13130000065
A68: 44778 | B68: 0.8574537 | C68: 1066 | D68: 13002561 | E68: 13 | F68: 22589 | G68: Retail Sale | H68: 18 | I68: 83864 | J68: Drug Item 82 Capsules | K68: Pharmcomplect | L68: Bayer | M68: 3 | N68: 332.85 | O68: 481.71 | P68: 48.17 | Q68: 48.17 | R68: BONUS_CARD | S68: 29 | T68: 1 | U68: 6 | V68: 433.54 | W68: 13130000066
A69: 44780 | B69: 0.94570602 | C69: 1067 | D69: 13002561 | E69: 13 | F69: 22589 | G69: Retail Sale | H69: 18 | I69: 68698 | J69: Drug Item 83 Syrup | K69: Avesta | L69: Bayer | M69: 2 | N69: 411.65 | O69: 522.84 | P69: 0 | Q69: 0 | S69: 29 | T69: 1 | U69: 5 | V69: 522.84 | W69: 13130000067
A70: 44778 | B70: 0.71399306 | C70: 1068 | D70: 13002561 | E70: 13 | F70: 22589 | G70: Retail Sale | H70: 18 | I70: 99359 | J70: Drug Item 31 Cream | K70: Pulse | L70: Dr. Reddy's | M70: 1 | N70: 406.15 | O70: 625.01 | P70: 0 | Q70: 0 | S70: 29 | T70: 1 | U70: 1 | V70: 625.01 | W70: 13130000068
A71: 44803 | B71: 0.88353009 | C71: 1069 | D71: 13002561 | E71: 13 | F71: 22589 | G71: Retail Sale | H71: 15 | I71: 49037 | J71: Drug Item 41 Ointment | K71: Pharmcomplect | L71: Bayer | M71: 3 | N71: 9.89 | O71: 15.71 | P71: 1.57 | Q71: 1.57 | R71: BONUS_CARD | S71: 29 | T71: 1 | U71: 2 | V71: 14.14 | W71: 13130000069
A72: 44783 | B72: 0.85049769 | C72: 1070 | D72: 13002561 | E72: 13 | F72: 22589 | G72: Retail Sale | H72: 15 | I72: 26675 | J72: Drug Item 83 Syrup | K72: Pulse | L72: KRKA | M72: 2 | N72: 369.62 | O72: 521.58 | P72: 52.16 | Q72: 52.16 | R72: BONUS_CARD | S72: 29 | T72: 1 | U72: 3 | V72: 469.42 | W72: 13130000070
A73: 44784 | B73: 0.82956019 | C73: 1071 | D73: 13002561 | E73: 13 | F73: 22589 | G73: Retail Sale | H73: 15 | I73: 35088 | J73: Drug Item 45 Tablets | K73: Katren | L73: Pfizer | M73: 1 | N73: 118.62 | O73: 164.34 | P73: 8.22 | Q73: 8.22 | R73: BONUS_CARD | S73: 29 | T73: 1 | U73: 6 | V73: 156.12 | W73: 13130000071
A74: 44783 | B74: 0.57878472 | C74: 1072 | D74: 13002561 | E74: 13 | F74: 22589 | G74: Retail Sale | H74: 15 | I74: 92416 | J74: Drug Item 35 Drops | K74: Katren | L74: TEVA | M74: 1 | N74: 552.52 | O74: 897.49 | P74: 89.75 | Q74: 89.75 | R74: BONUS_CARD | S74: 29 | T74: 1 | U74: 3 | V74: 807.74 | W74: 13130000072
A75: 44792 | B75: 0.80246528 | C75: 1073 | D75: 13002561 | E75: 13 | F75: 22589 | G75: Retail Sale | H75: 15 | I75: 33196 | J75: Drug Item 36 Tablets | K75: Grand Capital | L75: Sanofi | M75: 3 | N75: 60.69 | O75: 87.12 | P75: 8.71 | Q75: 8.71 | R75: BONUS_CARD | S75: 29 | T75: 1 | U75: 4 | V75: 78.41 | W75: 13130000073
A76: 44794 | B76: 0.5803588 | C76: 1074 | D76: 13002561 | E76: 13 | F76: 22589 | G76: Retail Sale | H76: 15 | I76: 16083 | J76: Drug Item 46 Capsules | K76: Katren | L76: TEVA | M76: 2 | N76: 478.88 | O76: 685.77 | P76: 0 | Q76: 0 | S76: 29 | T76: 1 | U76: 4 | V76: 685.77 | W76: 13130000074
A77: 44779 | B77: 0.76731481 | C77: 1075 | D77: 13002561 | E77: 13 | F77: 22589 | G77: Retail Sale | H77: 18 | I77: 12084 | J77: Drug Item 14 Ointment | K77: Grand Capital | L77: KRKA | M77: 2 | N77: 152.51 | O77: 207.69 | P77: 10.38 | Q77: 10.38 | R77: BONUS_CARD | S77: 29 | T77: 1 | U77: 1 | V77: 197.31 | W77: 13130000075
A78: 44795 | B78: 0.69895833 | C78: 1076 | D78: 13002561 | E78: 13 | F78: 22589 | G78: Retail Sale | H78: 15 | I78: 53784 | J78: Drug Item 32 Ointment | K78: Grand Capital | L78: Sanofi | M78: 3 | N78: 79.95 | O78: 105.45 | P78: 0 | Q78: 0 | S78: 29 | T78: 1 | U78: 6 | V78: 105.45 | W78: 13130000076
A79: 44789 | B79: 0.82609954 | C79: 1077 | D79: 13002561 | E79: 13 | F79: 22589 | G79: Retail Sale | H79: 18 | I79: 76143 | J79: Drug Item 5 Ointment | K79: Pharmcomplect | L79: Bayer | M79: 3 | N79: 391.61 | O79: 556.81 | P79: 55.68 | Q79: 55.68 | R79: BONUS_CARD | S79: 29 | T79: 1 | U79: 6 | V79: 501.13 | W79: 13130000077
A80: 44790 | B80: 0.88699074 | C80: 1078 | D80: 13002561 | E80: 13 | F80: 22589 | G80: Retail Sale | H80: 18 | I80: 17063 | J80: Drug Item 67 Cream | K80: Katren | L80: KRKA | M80: 1 | N80: 374.86 | O80: 479.99 | P80: 0 | Q80: 0 | S80: 29 | T80: 1 | U80: 5 | V80: 479.99 | W80: 13130000078
A81: 44782 | B81: 0.42549769 | C81: 1079 | D81: 13002561 | E81: 13 | F81: 22589 | G81: Retail Sale | H81: 15 | I81: 67099 | J81: Drug Item 4 Cream | K81: Avesta | L81: KRKA | M81: 2 | N81: 275.15 | O81: 348.31 | P81: 17.42 | Q81: 17.42 | R81: BONUS_CARD | S81: 29 | T81: 1 | U81: 1 | V81: 330.89 | W81: 13130000079
A82: 44776 | B82: 0.73202546 | C82: 1080 | D82: 13002561 | E82: 13 | F82: 22589 | G82: Retail Sale | H82: 18 | I82: 34600 | J82: Drug Item 2 Syrup | K82: Katren | L82: TEVA | M82: 1 | N82: 427.21 | O82: 713.09 | P82: 35.65 | Q82: 35.65 | R82: BONUS_CARD | S82: 29 | T82: 1 | U82: 2 | V82: 677.44 | W82: 13130000080
A83: 44783 | B83: 0.37354167 | C83: 1081 | D83: 13002561 | E83: 13 | F83: 22589 | G83: Retail Sale | H83: 15 | I83: 12936 | J83: Drug Item 74 Syrup | K83: Grand Capital | L83: TEVA | M83: 1 | N83: 30.24 | O83: 47.71 | P83: 2.39 | Q83: 2.39 | R83: BONUS_CARD | S83: 29 | T83: 1 | U83: 3 | V83: 45.32 | W83: 13130000081
A84: 44791 | B84: 0.78005787 | C84: 1082 | D84: 13002561 | E84: 13 | F84: 22589 | G84: Retail Sale | H84: 15 | I84: 58426 | J84: Drug Item 69 Gel | K84: Katren | L84: Dr. Reddy's | M84: 2 | N84: 455.43 | O84: 669.98 | P84: 33.5 | Q84: 33.5 | R84: BONUS_CARD | S84: 29 | T84: 1 | U84: 5 | V84: 636.48 | W84: 13130000082
A85: 44800 | B85: 0.42628472 | C85: 1083 | D85: 13002561 | E85: 13 | F85: 22589 | G85: Retail Sale | H85: 15 | I85: 26233 | J85: Drug Item 78 Gel | K85: Katren | L85: Dr. Reddy's | M85: 1 | N85: 590.46 | O85: 960.24 | P85: 96.02 | Q85: 96.02 | R85: BONUS_CARD | S85: 29 | T85: 1 | U85: 3 | V85: 864.22 | W85: 13130000083
A86: 44781 | B86: 0.5733912 | C86: 1084 | D86: 13002561 | E86: 13 | F86: 22589 | G86: Retail Sale | H86: 18 | I86: 93525 | J86: Drug Item 29 Syrup | K86: Katren | L86: KRKA | M86: 3 | N86: 146.71 | O86: 245.58 | P86: 0 | Q86: 0 | S86: 29 | T86: 1 | U86: 2 | V86: 245.58 | W86: 13130000084
A87: 44774 | B87: 0.67028935 | C87: 1085 | D87: 13002561 | E87: 13 | F87: 22589 | G87: Retail Sale | H87: 18 | I87: 70301 | J87: Drug Item 11 Syrup | K87: Pharmcomplect | L87: TEVA | M87: 1 | N87: 228.6 | O87: 375.03 | P87: 37.5 | Q87: 37.5 | R87: BONUS_CARD | S87: 29 | T87: 1 | U87: 2 | V87: 337.53 | W87: 13130000085
A88: 44794 | B88: 0.61586806 | C88: 1086 | D88: 13002561 | E88: 13 | F88: 22589 | G88: Retail Sale | H88: 15 | I88: 17674 | J88: Drug Item 57 Injection | K88: Protek | L88: Bayer | M88: 2 | N88: 512.57 | O88: 770.57 | P88: 38.53 | Q88: 38.53 | R88: BONUS_CARD | S88: 29 | T88: 1 | U88: 1 | V88: 732.04 | W88: 13130000086
A89: 44783 | B89: 0.51430556 | C89: 1087 | D89: 13002561 | E89: 13 | F89: 22589 | G89: Retail Sale | H89: 18 | I89: 53707 | J89: Drug Item 79 Spray | K89: Pulse | L89: Takeda | M89: 1 | N89: 58.37 | O89: 88.72 | P89: 0 | Q89: 0 | S89: 29 | T89: 1 | U89: 6 | V89: 88.72 | W89: 13130000087
A90: 44779 | B90: 0.44748843 | C90: 1088 | D90: 13002561 | E90: 13 | F90: 22589 | G90: Retail Sale | H90: 15 | I90: 24440 | J90: Drug Item 31 Cream | K90: Avesta | L90: TEVA | M90: 2 | N90: 518.93 | O90: 744.31 | P90: 74.43 | Q90: 74.43 | R90: BONUS_CARD | S90: 29 | T90: 1 | U90: 1 | V90: 669.88 | W90: 13130000088
A91: 44791 | B91: 0.91840278 | C91: 1089 | D91: 13002561 | E91: 13 | F91: 22589 | G91: Retail Sale | H91: 18 | I91: 41255 | J91: Drug Item 70 Spray | K91: Protek | L91: KRKA | M91: 3 | N91: 526.58 | O91: 799.61 | P91: 0 | Q91: 0 | S91: 29 | T91: 1 | U91: 6 | V91: 799.61 | W91: 13130000089
A92: 44799 | B92: 0.4709838 | C92: 1090 | D92: 13002561 | E92: 13 | F92: 22589 | G92: Retail Sale | H92: 18 | I92: 16134 | J92: Drug Item 44 Drops | K92: Grand Capital | L92: Dr. Reddy's | M92: 1 | N92: 551.55 | O92: 714.77 | P92: 0 | Q92: 0 | S92: 29 | T92: 1 | U92: 3 | V92: 714.77 | W92: 13130000090
A93: 44803 | B93: 0.90949074 | C93: 1091 | D93: 13002561 | E93: 13 | F93: 22589 | G93: Retail Sale | H93: 18 | I93: 85721 | J93: Drug Item 2 Syrup | K93: Avesta | L93: Bayer | M93: 3 | N93: 519.42 | O93: 740.67 | P93: 37.03 | Q93: 37.03 | R93: BONUS_CARD | S93: 29 | T93: 1 | U93: 3 | V93: 703.64 | W93: 13130000091
A94: 44775 | B94: 0.95686343 | C94: 1092 | D94: 13002561 | E94: 13 | F94: 22589 | G94: Retail Sale | H94: 15 | I94: 44445 | J94: Drug Item 33 Gel | K94: Avesta | L94: Bayer | M94: 2 | N94: 359.77 | O94: 602 | P94: 30.1 | Q94: 30.1 | R94: BONUS_CARD | S94: 29 | T94: 1 | U94: 6 | V94: 571.9 | W94: 13130000092
A95: 44791 | B95: 0.74798611 | C95: 1093 | D95: 13002561 | E95: 13 | F95: 22589 | G95: Retail Sale | H95: 15 | I95: 55655 | J95: Drug Item 62 Drops | K95: Avesta | L95: KRKA | M95: 3 | N95: 140.55 | O95: 208.52 | P95: 0 | Q95: 0 | S95: 29 | T95: 1 | U95: 4 | V95: 208.52 | W95: 13130000093
A96: 44801 | B96: 0.47672454 | C96: 1094 | D96: 13002561 | E96: 13 | F96: 22589 | G96: Retail Sale | H96: 18 | I96: 53772 | J96: Drug Item 51 Gel | K96: Avesta | L96: Bayer | M96: 2 | N96: 415.35 | O96: 679.96 | P96: 34 | Q96: 34 | R96: BONUS_CARD | S96: 29 | T96: 1 | U96: 3 | V96: 645.96 | W96: 13130000094
A97: 44804 | B97: 0.89607639 | C97: 1095 | D97: 13002561 | E97: 13 | F97: 22589 | G97: Retail Sale | H97: 18 | I97: 20811 | J97: Drug Item 21 Injection | K97: Grand Capital | L97: Dr. Reddy's | M97: 2 | N97: 276.25 | O97: 371.67 | P97: 0 | Q97: 0 | S97: 29 | T97: 1 | U97: 4 | V97: 371.67 | W97: 13130000095
A98: 44804 | B98: 0.53125 | C98: 1096 | D98: 13002561 | E98: 13 | F98: 22589 | G98: Retail Sale | H98: 18 | I98: 86659 | J98: Drug Item 76 Cream | K98: Protek | L98: Sanofi | M98: 2 | N98: 26.56 | O98: 33.74 | P98: 0 | Q98: 0 | S98: 29 | T98: 1 | U98: 4 | V98: 33.74 | W98: 13130000096
A99: 44804 | B99: 0.68211806 | C99: 1097 | D99: 13002561 | E99: 13 | F99: 22589 | G99: Retail Sale | H99: 18 | I99: 43715 | J99: Drug Item 53 Drops | K99: Avesta | L99: Bayer | M99: 2 | N99: 319.2 | O99: 517.06 | P99: 25.85 | Q99: 25.85 | R99: BONUS_CARD | S99: 29 | T99: 1 | U99: 1 | V99: 491.21 | W99: 13130000097
A100: 44800 | B100: 0.54765046 | C100: 1098 | D100: 13002561 | E100: 13 | F100: 22589 | G100: Retail Sale | H100: 15 | I100: 84226 | J100: Drug Item 85 Cream | K100: Pharmcomplect | L100: Sanofi | M100: 1 | N100: 391.72 | O100: 655.95 | P100: 0 | Q100: 0 | S100: 29 | T100: 1 | U100: 2 | V100: 655.95 | W100: 13130000098
...

Sheet Pivot_table
A1: Row Labels | B1: Sum of DR_Qty | C1: Sum of Amount | D1: average sales
A2: Drug Item 1 Capsules | B2: 91 | C2: 14826.48 | D2: =B2/30 -> 3.0333333
A3: Drug Item 10 Capsules | B3: 86 | C3: 18652 | D3: =B3/30 -> 2.8666667
A4: Drug Item 11 Syrup | B4: 98 | C4: 20659.18 | D4: =B4/30 -> 3.2666667
A5: Drug Item 12 Injection | B5: 74 | C5: 17389.25 | D5: =B5/30 -> 2.4666667
A6: Drug Item 13 Cream | B6: 73 | C6: 15270.32 | D6: =B6/30 -> 2.4333333
A7: Drug Item 14 Ointment | B7: 92 | C7: 20776.27 | D7: =B7/30 -> 3.0666667
A8: Drug Item 15 Gel | B8: 80 | C8: 16526.52 | D8: =B8/30 -> 2.6666667
A9: Drug Item 16 Spray | B9: 95 | C9: 20246.99 | D9: =B9/30 -> 3.1666667
A10: Drug Item 17 Drops | B10: 126 | C10: 28943.97 | D10: =B10/30 -> 4.2
A11: Drug Item 18 Tablets | B11: 99 | C11: 19132.98 | D11: =B11/30 -> 3.3
A12: Drug Item 19 Capsules | B12: 83 | C12: 19045.54 | D12: =B12/30 -> 2.7666667
A13: Drug Item 2 Syrup | B13: 75 | C13: 14915.62 | D13: =B13/30 -> 2.5
... A91: Drug Item 90 Tablets | B91: 111 | C91: 24092.66 | D91: =B91/30 -> 3.7
A92: Grand Total | B92: 8441 | C92: 1758763

Sheet ABC
F2: ABC Quantity | I2: ABC Amount | L2: ABC Average sales
A3: Row Labels | B3: Quantity | C3: Sum of Amount | D3: Average sales | F3: % | G3: Sum | H3: ABC | I3: % | J3: Sum | K3: ABC | L3: % | M3: Sum | N3: ABC
A4: Drug Item 71 Drops | B4: 130 | C4: 24515.81 | D4: 4.3333333 | F4: 0.015401019 | G4: 0.015401019 | H4: A | I4: 0.016896512 | J4: 0.016896512 | K4: A | L4: =D4/SUM($D$4:$D$93) -> 0.015401019 | M4: =L4 -> 0.015401019 | N4: =IF(M4<0.8,"A",IF(M4< 0.95,"B","C")) -> A | O4: =VLOOKUP(A4,XYZ!A:AK,37,0) -> Z | P4: =H4&K4&N4&O4 -> AAAZ | Q4: A | R4: most important items: generate ~80% of revenue
A5: Drug Item 44 Drops | B5: 127 | C5: 29716.96 | D5: 4.2333333 | F5: 0.015045611 | G5: 0.03044663 | H5: A | I5: 0.016457004 | J5: 0.033353516 | K5: A | L5: =D5/SUM($D$4:$D$93) -> 0.015045611 | M5: =M4+L5 -> 0.03044663 | N5: =IF(M5<0.8,"A",IF(M5< 0.95,"B","C")) -> A | O5: =VLOOKUP(A5,XYZ!A:AK,37,0) -> Z | P5: =H5&K5&N5&O5 -> AAAZ | Q5: B | R5: items to monitor: potential A-category candidates.
A6: Drug Item 17 Drops | B6: 126 | C6: 28943.97 | D6: 4.2 | F6: 0.014927141 | G6: 0.045373771 | H6: A | I6: 0.014389017 | J6: 0.047742532 | K6: A | L6: =D6/SUM($D$4:$D$93) -> 0.014927141 | M6: =M5+L6 -> 0.045373771 | N6: =IF(M6<0.8,"A",IF(M6< 0.95,"B","C")) -> A | O6: =VLOOKUP(A6,XYZ!A:AK,37,0) -> Y | P6: =H6&K6&N6&O6 -> AAAY | Q6: C | R6: low-impact items: insignificant revenue
A7: Drug Item 38 Syrup | B7: 126 | C7: 22879.35 | D7: 4.2 | F7: 0.014927141 | G7: 0.060300912 | H7: A | I7: 0.014352883 | J7: 0.062095416 | K7: A | L7: =D7/SUM($D$4:$D$93) -> 0.014927141 | M7: =M6+L7 -> 0.060300912 | N7: =IF(M7<0.8,"A",IF(M7< 0.95,"B","C")) -> A | O7: =VLOOKUP(A7,XYZ!A:AK,37,0) -> Z | P7: =H7&K7&N7&O7 -> AAAZ
A8: Drug Item 6 Gel | B8: 120 | C8: 23490.75 | D8: 4 | F8: 0.014216325 | G8: 0.074517237 | H8: A | I8: 0.014237734 | J8: 0.07633315 | K8: A | L8: =D8/SUM($D$4:$D$93) -> 0.014216325 | M8: =M7+L8 -> 0.074517237 | N8: =IF(M8<0.8,"A",IF(M8< 0.95,"B","C")) -> A | O8: =VLOOKUP(A8,XYZ!A:AK,37,0) -> Y | P8: =H8&K8&N8&O8 -> AAAY | Q8: X | R8: stable demand items. Must always be available.
A9: Drug Item 82 Capsules | B9: 116 | C9: 25306.87 | D9: 3.8666667 | F9: 0.013742448 | G9: 0.088259685 | H9: A | I9: 0.014004383 | J9: 0.090337532 | K9: A | L9: =D9/SUM($D$4:$D$93) -> 0.013742448 | M9: =M8+L9 -> 0.088259685 | N9: =IF(M9<0.8,"A",IF(M9< 0.95,"B","C")) -> A | O9: =VLOOKUP(A9,XYZ!A:AK,37,0) -> Y | P9: =H9&K9&N9&O9 -> AAAY | Q9: Y | R9: medium or seasonal demand. No need for large stock.
A10: Drug Item 80 Drops | B10: 116 | C10: 23165.39 | D10: 3.8666667 | F10: 0.013742448 | G10: 0.10200213 | H10: A | I10: 0.013939234 | J10: 0.10427677 | K10: A | L10: =D10/SUM($D$4:$D$93) -> 0.013742448 | M10: =M9+L10 -> 0.10200213 | N10: =IF(M10<0.8,"A",IF(M10< 0.95,"B","C")) -> A | O10: =VLOOKUP(A10,XYZ!A:AK,37,0) -> Z | P10: =H10&K10&N10&O10 -> AAAZ | Q10: Z | R10: rare demand items
A11: Drug Item 54 Tablets | B11: 114 | C11: 22358.98 | D11: 3.8 | F11: 0.013505509 | G11: 0.11550764 | H11: A | I11: 0.013698639 | J11: 0.11797541 | K11: A | L11: =D11/SUM($D$4:$D$93) -> 0.013505509 | M11: =M10+L11 -> 0.11550764 | N11: =IF(M11<0.8,"A",IF(M11< 0.95,"B","C")) -> A | O11: =VLOOKUP(A11,XYZ!A:AK,37,0) -> Y | P11: =H11&K11&N11&O11 -> AAAY
A12: Drug Item 45 Tablets | B12: 114 | C12: 20870.33 | D12: 3.8 | F12: 0.013505509 | G12: 0.12901315 | H12: A | I12: 0.01359729 | J12: 0.1315727 | K12: A | L12: =D12/SUM($D$4:$D$93) -> 0.013505509 | M12: =M11+L12 -> 0.12901315 | N12: =IF(M12<0.8,"A",IF(M12< 0.95,"B","C")) -> A | O12: =VLOOKUP(A12,XYZ!A:AK,37,0) -> Y | P12: =H12&K12&N12&O12 -> AAAY
A13: Drug Item 3 Injection | B13: 112 | C13: 23589.23 | D13: 3.7333333 | F13: 0.01326857 | G13: 0.14228172 | H13: A | I13: 0.013412398 | J13: 0.14498509 | K13: A | L13: =D13/SUM($D$4:$D$93) -> 0.01326857 | M13: =M12+L13 -> 0.14228172 | N13: =IF(M13<0.8,"A",IF(M13< 0.95,"B","C")) -> A | O13: =VLOOKUP(A13,XYZ!A:AK,37,0) -> Y | P13: =H13&K13&N13&O13 -> AAAY
A14: Drug Item 90 Tablets | B14: 111 | C14: 24092.66 | D14: 3.7 | F14: 0.013150101 | G14: 0.15543182 | H14: A | I14: 0.013358093 | J14: 0.15834319 | K14: A | L14: =D14/SUM($D$4:$D$93) -> 0.013150101 | M14: =M13+L14 -> 0.15543182 | N14: =IF(M14<0.8,"A",IF(M14< 0.95,"B","C")) -> A | O14: =VLOOKUP(A14,XYZ!A:AK,37,0) -> Y | P14: =H14&K14&N14&O14 -> AAAY
A15: Drug Item 49 Cream | B15: 110 | C15: 22232.57 | D15: 3.6666667 | F15: 0.013031631 | G15: 0.16846345 | H15: A | I15: 0.013356404 | J15: 0.17169959 | K15: A | L15: =D15/SUM($D$4:$D$93) -> 0.013031631 | M15: =M14+L15 -> 0.16846345 | N15: =IF(M15<0.8,"A",IF(M15< 0.95,"B","C")) -> A | O15: =VLOOKUP(A15,XYZ!A:AK,37,0) -> Y | P15: =H15&K15&N15&O15 -> AAAY
A16: Drug Item 22 Cream | B16: 108 | C16: 20288.82 | D16: 3.6 | F16: 0.012794693 | G16: 0.18125814 | H16: A | I16: 0.013253025 | J16: 0.18495262 | K16: A | L16: =D16/SUM($D$4:$D$93) -> 0.012794693 | M16: =M15+L16 -> 0.18125814 | N16: =IF(M16<0.8,"A",IF(M16< 0.95,"B","C")) -> A | O16: =VLOOKUP(A16,XYZ!A:AK,37,0) -> Y | P16: =H16&K16&N16&O16 -> AAAY
A17: Drug Item 5 Ointment | B17: 107 | C17: 22917.25 | D17: 3.5666667 | F17: 0.012676223 | G17: 0.19393437 | H17: A | I17: 0.013171411 | J17: 0.19812403 | K17: A | L17: =D17/SUM($D$4:$D$93) -> 0.012676223 | M17: =M16+L17 -> 0.19393437 | N17: =IF(M17<0.8,"A",IF(M17< 0.95,"B","C")) -> A | O17: =VLOOKUP(A17,XYZ!A:AK,37,0) -> Y | P17: =H17&K17&N17&O17 -> AAAY
A18: Drug Item 60 Gel | B18: 107 | C18: 22429.64 | D18: 3.5666667 | F18: 0.012676223 | G18: 0.20661059 | H18: A | I18: 0.013030323 | J18: 0.21115435 | K18: A | L18: =D18/SUM($D$4:$D$93) -> 0.012676223 | M18: =M17+L18 -> 0.20661059 | N18: =IF(M18<0.8,"A",IF(M18< 0.95,"B","C")) -> A | O18: =VLOOKUP(A18,XYZ!A:AK,37,0) -> Z | P18: =H18&K18&N18&O18 -> AAAZ
A19: Drug Item 33 Gel | B19: 107 | C19: 19049.4 | D19: 3.5666667 | F19: 0.012676223 | G19: 0.21928681 | H19: A | I19: 0.013008774 | J19: 0.22416312 | K19: A | L19: =D19/SUM($D$4:$D$93) -> 0.012676223 | M19: =M18+L19 -> 0.21928681 | N19: =IF(M19<0.8,"A",IF(M19< 0.95,"B","C")) -> A | O19: =VLOOKUP(A19,XYZ!A:AK,37,0) -> Y | P19: =H19&K19&N19&O19 -> AAAY
A20: Drug Item 26 Drops | B20: 107 | C20: 18987.91 | D20: 3.5666667 | F20: 0.012676223 | G20: 0.23196304 | H20: A | I20: 0.012900322 | J20: 0.23706345 | K20: A | L20: =D20/SUM($D$4:$D$93) -> 0.012676223 | M20: =M19+L20 -> 0.23196304 | N20: =IF(M20<0.8,"A",IF(M20< 0.95,"B","C")) -> A | O20: =VLOOKUP(A20,XYZ!A:AK,37,0) -> Z | P20: =H20&K20&N20&O20 -> AAAZ
A21: Drug Item 89 Drops | B21: 106 | C21: 25243.32 | D21: 3.5333333 | F21: 0.012557754 | G21: 0.24452079 | H21: A | I21: 0.012813534 | J21: 0.24987698 | K21: A | L21: =D21/SUM($D$4:$D$93) -> 0.012557754 | M21: =M20+L21 -> 0.24452079 | N21: =IF(M21<0.8,"A",IF(M21< 0.95,"B","C")) -> A | O21: =VLOOKUP(A21,XYZ!A:AK,37,0) -> Y | P21: =H21&K21&N21&O21 -> AAAY
A22: Drug Item 72 Tablets | B22: 106 | C22: 25040.8 | D22: 3.5333333 | F22: 0.012557754 | G22: 0.25707855 | H22: A | I22: 0.012753077 | J22: 0.26263006 | K22: A | L22: =D22/SUM($D$4:$D$93) -> 0.012557754 | M22: =M21+L22 -> 0.25707855 | N22: =IF(M22<0.8,"A",IF(M22< 0.95,"B","C")) -> A | O22: =VLOOKUP(A22,XYZ!A:AK,37,0) -> Y | P22: =H22&K22&N22&O22 -> AAAY
... A93: Drug Item 51 Gel | B93: 56 | C93: 10849.66 | D93: 1.8666667 | F93: 0.006634285 | G93: 1 | H93: C | I93: 0.0061689153 | J93: 1 | K93: C | L93: =D93/SUM($D$4:$D$93) -> 0.006634285 | M93: =M92+L93 -> 1 | N93: =IF(M93<0.8,"A",IF(M93< 0.95,"B","C")) -> C | O93: =VLOOKUP(A93,XYZ!A:AK,37,0) -> Z | P93: =H93&K93&N93&O93 -> CCCZ

Sheet XYZ
C2: Sales Quantity
A3: Sum of DR_Qty | B3: Column Labels
A4: Row Labels | B4: 44774 | C4: 44775 | D4: 44776 | E4: 44777 | F4: 44778 | G4: 44779 | H4: 44780 | I4: 44781 | J4: 44782 | K4: 44783 | L4: 44784 | M4: 44785 | N4: 44786 | O4: 44787 | P4: 44788 | Q4: 44789 | R4: 44790 | S4: 44791 | T4: 44792 | U4: 44793 | V4: 44794 | W4: 44795 | X4: 44796 | Y4: 44797 | Z4: 44798 | AA4: 44799 | AB4: 44800 | AC4: 44801 | AD4: 44802 | AE4: 44803 | AF4: 44804 | AG4: Grand Total | AI4: Days, >20
A5: Drug Item 1 Capsules | B5: 1 | C5: 3 | D5: 6 | E5: 3 | F5: 3 | G5: 11 | I5: 2 | J5: 1 | N5: 1 | O5: 8 | P5: 3 | Q5: 1 | R5: 3 | S5: 11 | T5: 3 | V5: 2 | W5: 3 | X5: 4 | Y5: 2 | Z5: 3 | AA5: 6 | AC5: 3 | AD5: 3 | AF5: 5 | AG5: 91 | AI5: =IF(COUNT(B5:AF5)>=20,COUNT(B5:AF5),"") -> 24 | AJ5: =IF(AVERAGE(B5:AF5)>0,_xlfn.STDEV.P(B5:AF5)/AVERAGE(B5:AF5),"") -> 0.7221879 | AK5: =IF(AJ5<>"",IF(AJ5<=0.3,"X",IF(AJ5<=0.6,"Y","Z")),"") -> Z
A6: Drug Item 10 Capsules | B6: 6 | C6: 2 | D6: 6 | E6: 3 | F6: 3 | H6: 2 | I6: 3 | K6: 6 | L6: 7 | N6: 6 | O6: 5 | P6: 4 | Q6: 2 | R6: 1 | S6: 1 | T6: 2 | W6: 2 | Y6: 5 | AA6: 2 | AC6: 4 | AD6: 10 | AE6: 4 | AG6: 86 | AI6: =IF(COUNT(B6:AF6)>=20,COUNT(B6:AF6),"") -> 22 | AJ6: =IF(AVERAGE(B6:AF6)>0,_xlfn.STDEV.P(B6:AF6)/AVERAGE(B6:AF6),"") -> 0.56631608 | AK6: =IF(AJ6<>"",IF(AJ6<=0.3,"X",IF(AJ6<=0.6,"Y","Z")),"") -> Y
A7: Drug Item 11 Syrup | B7: 2 | D7: 6 | E7: 5 | G7: 7 | H7: 9 | J7: 2 | L7: 2 | M7: 1 | P7: 6 | Q7: 3 | R7: 4 | S7: 2 | T7: 10 | U7: 1 | V7: 6 | W7: 3 | X7: 5 | Z7: 1 | AA7: 4 | AB7: 1 | AC7: 2 | AD7: 2 | AE7: 10 | AF7: 4 | AG7: 98 | AI7: =IF(COUNT(B7:AF7)>=20,COUNT(B7:AF7),"") -> 24 | AJ7: =IF(AVERAGE(B7:AF7)>0,_xlfn.STDEV.P(B7:AF7)/AVERAGE(B7:AF7),"") -> 0.67408753 | AK7: =IF(AJ7<>"",IF(AJ7<=0.3,"X",IF(AJ7<=0.6,"Y","Z")),"") -> Z
A8: Drug Item 12 Injection | B8: 1 | C8: 1 | E8: 3 | F8: 11 | G8: 3 | I8: 6 | M8: 5 | N8: 3 | O8: 2 | P8: 2 | Q8: 3 | T8: 2 | V8: 2 | W8: 4 | X8: 3 | Y8: 8 | Z8: 4 | AB8: 4 | AC8: 3 | AD8: 3 | AF8: 1 | AG8: 74 | AI8: =IF(COUNT(B8:AF8)>=20,COUNT(B8:AF8),"") -> 21 | AJ8: =IF(AVERAGE(B8:AF8)>0,_xlfn.STDEV.P(B8:AF8)/AVERAGE(B8:AF8),"") -> 0.66477697 | AK8: =IF(AJ8<>"",IF(AJ8<=0.3,"X",IF(AJ8<=0.6,"Y","Z")),"") -> Z
A9: Drug Item 13 Cream | B9: 1 | D9: 7 | E9: 3 | F9: 1 | G9: 3 | H9: 2 | I9: 2 | J9: 5 | L9: 3 | M9: 3 | N9: 3 | O9: 3 | P9: 7 | Q9: 2 | T9: 9 | V9: 2 | W9: 3 | X9: 2 | Y9: 2 | Z9: 1 | AB9: 3 | AC9: 2 | AF9: 4 | AG9: 73 | AI9: =IF(COUNT(B9:AF9)>=20,COUNT(B9:AF9),"") -> 23 | AJ9: =IF(AVERAGE(B9:AF9)>0,_xlfn.STDEV.P(B9:AF9)/AVERAGE(B9:AF9),"") -> 0.6277501 | AK9: =IF(AJ9<>"",IF(AJ9<=0.3,"X",IF(AJ9<=0.6,"Y","Z")),"") -> Z
A10: Drug Item 14 Ointment | B10: 2 | C10: 2 | D10: 4 | E10: 6 | F10: 2 | G10: 6 | H10: 3 | J10: 1 | K10: 8 | L10: 7 | M10: 2 | N10: 4 | O10: 3 | P10: 3 | Q10: 1 | T10: 1 | U10: 5 | W10: 1 | X10: 3 | Y10: 5 | Z10: 4 | AA10: 7 | AB10: 1 | AE10: 9 | AF10: 2 | AG10: 92 | AI10: =IF(COUNT(B10:AF10)>=20,COUNT(B10:AF10),"") -> 25 | AJ10: =IF(AVERAGE(B10:AF10)>0,_xlfn.STDEV.P(B10:AF10)/AVERAGE(B10:AF10),"") -> 0.63249289 | AK10: =IF(AJ10<>"",IF(AJ10<=0.3,"X",IF(AJ10<=0.6,"Y","Z")),"") -> Z
A11: Drug Item 15 Gel | B11: 8 | C11: 5 | D11: 2 | G11: 3 | I11: 3 | J11: 4 | K11: 8 | L11: 3 | N11: 2 | O11: 1 | P11: 4 | R11: 3 | S11: 4 | T11: 1 | U11: 3 | V11: 2 | W11: 1 | X11: 5 | Y11: 3 | Z11: 1 | AA11: 1 | AC11: 5 | AE11: 1 | AF11: 7 | AG11: 80 | AI11: =IF(COUNT(B11:AF11)>=20,COUNT(B11:AF11),"") -> 24 | AJ11: =IF(AVERAGE(B11:AF11)>0,_xlfn.STDEV.P(B11:AF11)/AVERAGE(B11:AF11),"") -> 0.62849025 | AK11: =IF(AJ11<>"",IF(AJ11<=0.3,"X",IF(AJ11<=0.6,"Y","Z")),"") -> Z
A12: Drug Item 16 Spray | B12: 1 | C12: 3 | D12: 1 | E12: 7 | F12: 4 | G12: 6 | H12: 1 | I12: 1 | J12: 8 | L12: 4 | M12: 5 | N12: 3 | O12: 2 | P12: 9 | Q12: 3 | R12: 2 | S12: 1 | T12: 2 | V12: 2 | W12: 3 | X12: 2 | Y12: 5 | Z12: 4 | AA12: 7 | AC12: 1 | AD12: 4 | AE12: 1 | AF12: 3 | AG12: 95 | AI12: =IF(COUNT(B12:AF12)>=20,COUNT(B12:AF12),"") -> 28 | AJ12: =IF(AVERAGE(B12:AF12)>0,_xlfn.STDEV.P(B12:AF12)/AVERAGE(B12:AF12),"") -> 0.66532645 | AK12: =IF(AJ12<>"",IF(AJ12<=0.3,"X",IF(AJ12<=0.6,"Y","Z")),"") -> Z
A13: Drug Item 17 Drops | C13: 5 | D13: 12 | E13: 7 | F13: 4 | G13: 8 | H13: 2 | J13: 3 | K13: 5 | L13: 2 | M13: 1 | O13: 4 | P13: 3 | Q13: 5 | S13: 7 | T13: 9 | U13: 3 | V13: 9 | W13: 2 | Y13: 2 | Z13: 5 | AA13: 8 | AB13: 7 | AC13: 3 | AD13: 10 | AG13: 126 | AI13: =IF(COUNT(B13:AF13)>=20,COUNT(B13:AF13),"") -> 24 | AJ13: =IF(AVERAGE(B13:AF13)>0,_xlfn.STDEV.P(B13:AF13)/AVERAGE(B13:AF13),"") -> 0.55600889 | AK13: =IF(AJ13<>"",IF(AJ13<=0.3,"X",IF(AJ13<=0.6,"Y","Z")),"") -> Y
A14: Drug Item 18 Tablets | B14: 5 | C14: 3 | E14: 3 | F14: 5 | H14: 1 | I14: 3 | K14: 2 | L14: 9 | M14: 9 | N14: 4 | P14: 3 | Q14: 2 | R14: 4 | S14: 6 | T14: 2 | U14: 3 | V14: 9 | X14: 4 | Z14: 2 | AC14: 5 | AD14: 2 | AE14: 3 | AF14: 10 | AG14: 99 | AI14: =IF(COUNT(B14:AF14)>=20,COUNT(B14:AF14),"") -> 23 | AJ14: =IF(AVERAGE(B14:AF14)>0,_xlfn.STDEV.P(B14:AF14)/AVERAGE(B14:AF14),"") -> 0.59501723 | AK14: =IF(AJ14<>"",IF(AJ14<=0.3,"X",IF(AJ14<=0.6,"Y","Z")),"") -> Y
A15: Drug Item 19 Capsules | C15: 2 | E15: 3 | F15: 2 | H15: 5 | I15: 2 | J15: 2 | K15: 2 | L15: 3 | M15: 4 | N15: 6 | O15: 5 | P15: 9 | R15: 1 | S15: 2 | T15: 1 | U15: 5 | V15: 4 | W15: 4 | X15: 3 | Z15: 2 | AA15: 1 | AB15: 1 | AC15: 5 | AD15: 1 | AE15: 5 | AF15: 3 | AG15: 83 | AI15: =IF(COUNT(B15:AF15)>=20,COUNT(B15:AF15),"") -> 26 | AJ15: =IF(AVERAGE(B15:AF15)>0,_xlfn.STDEV.P(B15:AF15)/AVERAGE(B15:AF15),"") -> 0.59574628 | AK15: =IF(AJ15<>"",IF(AJ15<=0.3,"X",IF(AJ15<=0.6,"Y","Z")),"") -> Y
A16: Drug Item 2 Syrup | B16: 3 | D16: 4 | E16: 3 | F16: 1 | G16: 3 | H16: 1 | I16: 2 | K16: 9 | O16: 3 | P16: 3 | R16: 3 | V16: 2 | W16: 6 | X16: 3 | Y16: 4 | Z16: 6 | AA16: 3 | AB16: 6 | AD16: 6 | AE16: 3 | AF16: 1 | AG16: 75 | AI16: =IF(COUNT(B16:AF16)>=20,COUNT(B16:AF16),"") -> 21 | AJ16: =IF(AVERAGE(B16:AF16)>0,_xlfn.STDEV.P(B16:AF16)/AVERAGE(B16:AF16),"") -> 0.5503938 | AK16: =IF(AJ16<>"",IF(AJ16<=0.3,"X",IF(AJ16<=0.6,"Y","Z")),"") -> Y
A17: Drug Item 20 Syrup | B17: 2 | C17: 4 | E17: 2 | F17: 6 | G17: 6 | H17: 1 | I17: 8 | J17: 5 | K17: 3 | L17: 5 | M17: 3 | N17: 5 | O17: 3 | Q17: 3 | R17: 3 | T17: 5 | U17: 4 | V17: 8 | W17: 1 | X17: 5 | AA17: 7 | AB17: 3 | AC17: 1 | AD17: 3 | AE17: 2 | AF17: 5 | AG17: 103 | AI17: =IF(COUNT(B17:AF17)>=20,COUNT(B17:AF17),"") -> 26 | AJ17: =IF(AVERAGE(B17:AF17)>0,_xlfn.STDEV.P(B17:AF17)/AVERAGE(B17:AF17),"") -> 0.49742479 | AK17: =IF(AJ17<>"",IF(AJ17<=0.3,"X",IF(AJ17<=0.6,"Y","Z")),"") -> Y
A18: Drug Item 21 Injection | B18: 1 | C18: 2 | E18: 3 | F18: 1 | G18: 1 | I18: 6 | J18: 8 | K18: 5 | L18: 5 | M18: 6 | N18: 2 | O18: 2 | P18: 2 | Q18: 3 | R18: 9 | T18: 4 | U18: 6 | V18: 4 | W18: 11 | X18: 6 | AC18: 3 | AD18: 2 | AF18: 5 | AG18: 97 | AI18: =IF(COUNT(B18:AF18)>=20,COUNT(B18:AF18),"") -> 23 | AJ18: =IF(AVERAGE(B18:AF18)>0,_xlfn.STDEV.P(B18:AF18)/AVERAGE(B18:AF18),"") -> 0.62129976 | AK18: =IF(AJ18<>"",IF(AJ18<=0.3,"X",IF(AJ18<=0.6,"Y","Z")),"") -> Z
A19: Drug Item 22 Cream | B19: 7 | C19: 5 | E19: 7 | F19: 3 | G19: 3 | H19: 3 | I19: 3 | J19: 4 | L19: 2 | M19: 1 | N19: 8 | O19: 3 | P19: 5 | Q19: 6 | R19: 2 | T19: 1 | U19: 3 | V19: 7 | W19: 4 | X19: 6 | Y19: 4 | Z19: 6 | AC19: 1 | AE19: 10 | AF19: 4 | AG19: 108 | AI19: =IF(COUNT(B19:AF19)>=20,COUNT(B19:AF19),"") -> 25 | AJ19: =IF(AVERAGE(B19:AF19)>0,_xlfn.STDEV.P(B19:AF19)/AVERAGE(B19:AF19),"") -> 0.53077447 | AK19: =IF(AJ19<>"",IF(AJ19<=0.3,"X",IF(AJ19<=0.6,"Y","Z")),"") -> Y
A20: Drug Item 23 Ointment | B20: 1 | C20: 6 | E20: 3 | G20: 6 | H20: 3 | I20: 2 | L20: 4 | M20: 11 | N20: 5 | O20: 8 | P20: 3 | Q20: 4 | S20: 3 | T20: 6 | U20: 3 | W20: 1 | X20: 3 | Z20: 4 | AA20: 1 | AF20: 3 | AG20: 80 | AI20: =IF(COUNT(B20:AF20)>=20,COUNT(B20:AF20),"") -> 20 | AJ20: =IF(AVERAGE(B20:AF20)>0,_xlfn.STDEV.P(B20:AF20)/AVERAGE(B20:AF20),"") -> 0.60207973 | AK20: =IF(AJ20<>"",IF(AJ20<=0.3,"X",IF(AJ20<=0.6,"Y","Z")),"") -> Z
A21: Drug Item 24 Gel | B21: 4 | C21: 4 | D21: 10 | F21: 1 | G21: 9 | I21: 2 | J21: 2 | K21: 1 | L21: 2 | M21: 1 | N21: 7 | P21: 1 | Q21: 3 | S21: 3 | T21: 4 | V21: 2 | W21: 4 | X21: 2 | Z21: 2 | AA21: 3 | AC21: 3 | AF21: 3 | AG21: 73 | AI21: =IF(COUNT(B21:AF21)>=20,COUNT(B21:AF21),"") -> 22 | AJ21: =IF(AVERAGE(B21:AF21)>0,_xlfn.STDEV.P(B21:AF21)/AVERAGE(B21:AF21),"") -> 0.71770887 | AK21: =IF(AJ21<>"",IF(AJ21<=0.3,"X",IF(AJ21<=0.6,"Y","Z")),"") -> Z
A22: Drug Item 25 Spray | B22: 5 | C22: 3 | E22: 5 | F22: 3 | I22: 1 | J22: 3 | K22: 1 | L22: 2 | M22: 7 | N22: 1 | O22: 1 | P22: 3 | Q22: 1 | R22: 2 | S22: 3 | U22: 3 | W22: 12 | X22: 1 | Z22: 1 | AA22: 4 | AB22: 5 | AD22: 2 | AF22: 6 | AG22: 75 | AI22: =IF(COUNT(B22:AF22)>=20,COUNT(B22:AF22),"") -> 23 | AJ22: =IF(AVERAGE(B22:AF22)>0,_xlfn.STDEV.P(B22:AF22)/AVERAGE(B22:AF22),"") -> 0.77905926 | AK22: =IF(AJ22<>"",IF(AJ22<=0.3,"X",IF(AJ22<=0.6,"Y","Z")),"") -> Z
A23: Drug Item 26 Drops | B23: 11 | C23: 6 | D23: 1 | E23: 8 | G23: 9 | H23: 3 | I23: 8 | J23: 5 | K23: 5 | L23: 3 | M23: 2 | N23: 5 | O23: 6 | S23: 2 | T23: 1 | U23: 6 | W23: 4 | X23: 1 | Z23: 8 | AB23: 1 | AC23: 6 | AD23: 5 | AE23: 1 | AG23: 107 | AI23: =IF(COUNT(B23:AF23)>=20,COUNT(B23:AF23),"") -> 23 | AJ23: =IF(AVERAGE(B23:AF23)>0,_xlfn.STDEV.P(B23:AF23)/AVERAGE(B23:AF23),"") -> 0.61327214 | AK23: =IF(AJ23<>"",IF(AJ23<=0.3,"X",IF(AJ23<=0.6,"Y","Z")),"") -> Z
A24: Drug Item 27 Tablets | B24: 1 | C24: 3 | D24: 4 | E24: 2 | F24: 5 | G24: 1 | I24: 6 | K24: 6 | N24: 1 | O24: 2 | P24: 2 | Q24: 3 | S24: 3 | T24: 8 | U24: 6 | W24: 3 | X24: 2 | Y24: 6 | Z24: 3 | AA24: 3 | AB24: 1 | AC24: 9 | AE24: 2 | AG24: 82 | AI24: =IF(COUNT(B24:AF24)>=20,COUNT(B24:AF24),"") -> 23 | AJ24: =IF(AVERAGE(B24:AF24)>0,_xlfn.STDEV.P(B24:AF24)/AVERAGE(B24:AF24),"") -> 0.62896571 | AK24: =IF(AJ24<>"",IF(AJ24<=0.3,"X",IF(AJ24<=0.6,"Y","Z")),"") -> Z
A25: Drug Item 28 Capsules | B25: 2 | C25: 1 | D25: 5 | E25: 4 | F25: 3 | H25: 3 | I25: 2 | K25: 2 | M25: 7 | O25: 1 | P25: 5 | Q25: 1 | R25: 5 | S25: 1 | T25: 2 | U25: 5 | V25: 4 | W25: 8 | X25: 3 | Y25: 2 | Z25: 3 | AB25: 3 | AC25: 2 | AD25: 3 | AE25: 5 | AF25: 2 | AG25: 84 | AI25: =IF(COUNT(B25:AF25)>=20,COUNT(B25:AF25),"") -> 26 | AJ25: =IF(AVERAGE(B25:AF25)>0,_xlfn.STDEV.P(B25:AF25)/AVERAGE(B25:AF25),"") -> 0.55838283 | AK25: =IF(AJ25<>"",IF(AJ25<=0.3,"X",IF(AJ25<=0.6,"Y","Z")),"") -> Y
A26: Drug Item 29 Syrup | B26: 9 | D26: 3 | G26: 1 | I26: 3 | J26: 6 | L26: 1 | N26: 3 | O26: 8 | Q26: 3 | S26: 3 | T26: 5 | U26: 5 | V26: 7 | W26: 10 | X26: 1 | Y26: 3 | Z26: 3 | AC26: 2 | AD26: 6 | AE26: 6 | AF26: 3 | AG26: 91 | AI26: =IF(COUNT(B26:AF26)>=20,COUNT(B26:AF26),"") -> 21 | AJ26: =IF(AVERAGE(B26:AF26)>0,_xlfn.STDEV.P(B26:AF26)/AVERAGE(B26:AF26),"") -> 0.58870748 | AK26: =IF(AJ26<>"",IF(AJ26<=0.3,"X",IF(AJ26<=0.6,"Y","Z")),"") -> Y
A27: Drug Item 3 Injection | C27: 9 | D27: 5 | F27: 9 | G27: 3 | H27: 2 | I27: 4 | J27: 3 | K27: 8 | L27: 3 | M27: 5 | N27: 2 | P27: 5 | Q27: 7 | R27: 1 | S27: 1 | U27: 1 | V27: 3 | W27: 3 | X27: 8 | Z27: 3 | AA27: 7 | AB27: 6 | AC27: 7 | AD27: 2 | AE27: 4 | AF27: 1 | AG27: 112 | AI27: =IF(COUNT(B27:AF27)>=20,COUNT(B27:AF27),"") -> 26 | AJ27: =IF(AVERAGE(B27:AF27)>0,_xlfn.STDEV.P(B27:AF27)/AVERAGE(B27:AF27),"") -> 0.58928571 | AK27: =IF(AJ27<>"",IF(AJ27<=0.3,"X",IF(AJ27<=0.6,"Y","Z")),"") -> Y
A28: Drug Item 30 Injection | B28: 4 | C28: 2 | D28: 3 | E28: 5 | G28: 1 | H28: 6 | J28: 3 | K28: 2 | L28: 3 | N28: 4 | P28: 4 | Q28: 4 | R28: 2 | S28: 1 | T28: 2 | U28: 4 | V28: 1 | Z28: 3 | AA28: 3 | AB28: 3 | AC28: 7 | AD28: 2 | AF28: 3 | AG28: 72 | AI28: =IF(COUNT(B28:AF28)>=20,COUNT(B28:AF28),"") -> 23 | AJ28: =IF(AVERAGE(B28:AF28)>0,_xlfn.STDEV.P(B28:AF28)/AVERAGE(B28:AF28),"") -> 0.47385339 | AK28: =IF(AJ28<>"",IF(AJ28<=0.3,"X",IF(AJ28<=0.6,"Y","Z")),"") -> Y
A29: Drug Item 31 Cream | B29: 2 | D29: 4 | E29: 2 | F29: 4 | G29: 4 | H29: 7 | J29: 4 | K29: 4 | M29: 5 | O29: 1 | Q29: 2 | R29: 2 | S29: 4 | U29: 2 | V29: 2 | W29: 2 | X29: 3 | Y29: 3 | Z29: 4 | AA29: 5 | AB29: 6 | AC29: 2 | AD29: 2 | AE29: 3 | AF29: 2 | AG29: 81 | AI29: =IF(COUNT(B29:AF29)>=20,COUNT(B29:AF29),"") -> 25 | AJ29: =IF(AVERAGE(B29:AF29)>0,_xlfn.STDEV.P(B29:AF29)/AVERAGE(B29:AF29),"") -> 0.44752022 | AK29: =IF(AJ29<>"",IF(AJ29<=0.3,"X",IF(AJ29<=0.6,"Y","Z")),"") -> Y
A30: Drug Item 32 Ointment | B30: 9 | D30: 3 | G30: 6 | I30: 3 | J30: 2 | K30: 4 | L30: 10 | M30: 2 | O30: 4 | P30: 5 | Q30: 7 | R30: 3 | S30: 4 | T30: 2 | U30: 4 | V30: 3 | W30: 3 | X30: 2 | Y30: 5 | Z30: 4 | AA30: 1 | AB30: 3 | AC30: 3 | AD30: 3 | AE30: 3 | AF30: 2 | AG30: 100 | AI30: =IF(COUNT(B30:AF30)>=20,COUNT(B30:AF30),"") -> 26 | AJ30: =IF(AVERAGE(B30:AF30)>0,_xlfn.STDEV.P(B30:AF30)/AVERAGE(B30:AF30),"") -> 0.54295488 | AK30: =IF(AJ30<>"",IF(AJ30<=0.3,"X",IF(AJ30<=0.6,"Y","Z")),"") -> Y
A31: Drug Item 33 Gel | B31: 6 | C31: 4 | D31: 6 | E31: 3 | F31: 5 | G31: 2 | H31: 6 | I31: 6 | J31: 2 | K31: 7 | M31: 5 | O31: 10 | Q31: 2 | R31: 10 | S31: 7 | T31: 3 | U31: 5 | V31: 3 | W31: 7 | Z31: 4 | AA31: 1 | AC31: 2 | AE31: 1 | AG31: 107 | AI31: =IF(COUNT(B31:AF31)>=20,COUNT(B31:AF31),"") -> 23 | AJ31: =IF(AVERAGE(B31:AF31)>0,_xlfn.STDEV.P(B31:AF31)/AVERAGE(B31:AF31),"") -> 0.540119 | AK31: =IF(AJ31<>"",IF(AJ31<=0.3,"X",IF(AJ31<=0.6,"Y","Z")),"") -> Y
A32: Drug Item 34 Spray | C32: 6 | D32: 4 | E32: 4 | F32: 3 | G32: 4 | H32: 6 | I32: 5 | J32: 4 | K32: 3 | M32: 1 | N32: 4 | O32: 3 | P32: 3 | Q32: 2 | T32: 6 | V32: 8 | W32: 1 | X32: 4 | Y32: 4 | Z32: 3 | AA32: 1 | AB32: 2 | AC32: 4 | AE32: 2 | AF32: 2 | AG32: 89 | AI32: =IF(COUNT(B32:AF32)>=20,COUNT(B32:AF32),"") -> 25 | AJ32: =IF(AVERAGE(B32:AF32)>0,_xlfn.STDEV.P(B32:AF32)/AVERAGE(B32:AF32),"") -> 0.47723057 | AK32: =IF(AJ32<>"",IF(AJ32<=0.3,"X",IF(AJ32<=0.6,"Y","Z")),"") -> Y
A33: Drug Item 35 Drops | B33: 1 | C33: 4 | D33: 2 | E33: 2 | F33: 1 | G33: 3 | I33: 2 | J33: 2 | K33: 9 | M33: 9 | N33: 4 | R33: 3 | S33: 1 | T33: 2 | U33: 2 | V33: 1 | W33: 3 | X33: 3 | Y33: 6 | AA33: 3 | AB33: 8 | AC33: 8 | AD33: 2 | AF33: 3 | AG33: 84 | AI33: =IF(COUNT(B33:AF33)>=20,COUNT(B33:AF33),"") -> 24 | AJ33: =IF(AVERAGE(B33:AF33)>0,_xlfn.STDEV.P(B33:AF33)/AVERAGE(B33:AF33),"") -> 0.71428571 | AK33: =IF(AJ33<>"",IF(AJ33<=0.3,"X",IF(AJ33<=0.6,"Y","Z")),"") -> Z
A34: Drug Item 36 Tablets | B34: 1 | D34: 5 | E34: 3 | G34: 8 | H34: 2 | I34: 3 | J34: 10 | N34: 2 | O34: 2 | Q34: 11 | R34: 1 | S34: 2 | T34: 6 | U34: 2 | X34: 3 | Z34: 5 | AA34: 12 | AB34: 3 | AC34: 8 | AD34: 1 | AE34: 2 | AF34: 1 | AG34: 93 | AI34: =IF(COUNT(B34:AF34)>=20,COUNT(B34:AF34),"") -> 22 | AJ34: =IF(AVERAGE(B34:AF34)>0,_xlfn.STDEV.P(B34:AF34)/AVERAGE(B34:AF34),"") -> 0.79722318 | AK34: =IF(AJ34<>"",IF(AJ34<=0.3,"X",IF(AJ34<=0.6,"Y","Z")),"") -> Z
A35: Drug Item 37 Capsules | B35: 2 | C35: 3 | D35: 1 | F35: 1 | G35: 1 | H35: 2 | I35: 1 | J35: 3 | L35: 2 | N35: 2 | O35: 4 | P35: 3 | Q35: 6 | R35: 2 | S35: 2 | T35: 6 | U35: 3 | X35: 1 | Y35: 5 | Z35: 3 | AA35: 4 | AB35: 2 | AC35: 4 | AD35: 1 | AE35: 4 | AF35: 1 | AG35: 69 | AI35: =IF(COUNT(B35:AF35)>=20,COUNT(B35:AF35),"") -> 26 | AJ35: =IF(AVERAGE(B35:AF35)>0,_xlfn.STDEV.P(B35:AF35)/AVERAGE(B35:AF35),"") -> 0.56223666 | AK35: =IF(AJ35<>"",IF(AJ35<=0.3,"X",IF(AJ35<=0.6,"Y","Z")),"") -> Y
A36: Drug Item 38 Syrup | B36: 3 | C36: 2 | E36: 4 | G36: 5 | H36: 5 | I36: 1 | K36: 5 | M36: 6 | O36: 4 | P36: 10 | Q36: 8 | R36: 2 | S36: 13 | T36: 10 | U36: 7 | V36: 2 | W36: 1 | X36: 8 | Y36: 3 | Z36: 5 | AA36: 1 | AB36: 4 | AC36: 4 | AD36: 9 | AE36: 4 | AG36: 126 | AI36: =IF(COUNT(B36:AF36)>=20,COUNT(B36:AF36),"") -> 25 | AJ36: =IF(AVERAGE(B36:AF36)>0,_xlfn.STDEV.P(B36:AF36)/AVERAGE(B36:AF36),"") -> 0.61598755 | AK36: =IF(AJ36<>"",IF(AJ36<=0.3,"X",IF(AJ36<=0.6,"Y","Z")),"") -> Z
A37: Drug Item 39 Injection | B37: 4 | C37: 4 | D37: 5 | E37: 1 | F37: 3 | L37: 6 | O37: 9 | P37: 5 | Q37: 5 | R37: 2 | S37: 11 | T37: 3 | U37: 2 | V37: 1 | W37: 3 | X37: 3 | Y37: 7 | Z37: 3 | AA37: 5 | AC37: 4 | AD37: 3 | AE37: 3 | AF37: 3 | AG37: 95 | AI37: =IF(COUNT(B37:AF37)>=20,COUNT(B37:AF37),"") -> 23 | AJ37: =IF(AVERAGE(B37:AF37)>0,_xlfn.STDEV.P(B37:AF37)/AVERAGE(B37:AF37),"") -> 0.56352669 | AK37: =IF(AJ37<>"",IF(AJ37<=0.3,"X",IF(AJ37<=0.6,"Y","Z")),"") -> Y
A38: Drug Item 4 Cream | B38: 5 | C38: 4 | D38: 8 | F38: 3 | H38: 4 | I38: 3 | J38: 4 | K38: 2 | L38: 1 | M38: 4 | N38: 5 | O38: 5 | P38: 3 | R38: 3 | U38: 6 | W38: 6 | X38: 8 | Y38: 1 | Z38: 11 | AA38: 2 | AB38: 3 | AC38: 4 | AD38: 5 | AE38: 6 | AG38: 106 | AI38: =IF(COUNT(B38:AF38)>=20,COUNT(B38:AF38),"") -> 24 | AJ38: =IF(AVERAGE(B38:AF38)>0,_xlfn.STDEV.P(B38:AF38)/AVERAGE(B38:AF38),"") -> 0.51430238 | AK38: =IF(AJ38<>"",IF(AJ38<=0.3,"X",IF(AJ38<=0.6,"Y","Z")),"") -> Y
A39: Drug Item 40 Cream | B39: 3 | C39: 3 | D39: 9 | E39: 7 | G39: 3 | H39: 4 | I39: 4 | J39: 1 | K39: 3 | M39: 11 | O39: 4 | P39: 2 | Q39: 3 | R39: 1 | T39: 2 | V39: 7 | W39: 2 | X39: 2 | Z39: 3 | AA39: 5 | AC39: 2 | AD39: 3 | AE39: 1 | AF39: 5 | AG39: 90 | AI39: =IF(COUNT(B39:AF39)>=20,COUNT(B39:AF39),"") -> 24 | AJ39: =IF(AVERAGE(B39:AF39)>0,_xlfn.STDEV.P(B39:AF39)/AVERAGE(B39:AF39),"") -> 0.65884298 | AK39: =IF(AJ39<>"",IF(AJ39<=0.3,"X",IF(AJ39<=0.6,"Y","Z")),"") -> Z
A40: Drug Item 41 Ointment | B40: 5 | C40: 2 | D40: 3 | E40: 5 | F40: 3 | G40: 3 | H40: 2 | I40: 2 | J40: 1 | L40: 1 | N40: 5 | O40: 4 | P40: 11 | R40: 4 | S40: 4 | T40: 2 | U40: 1 | V40: 3 | W40: 5 | X40: 1 | Y40: 6 | Z40: 3 | AA40: 7 | AB40: 2 | AC40: 6 | AD40: 4 | AE40: 3 | AF40: 7 | AG40: 105 | AI40: =IF(COUNT(B40:AF40)>=20,COUNT(B40:AF40),"") -> 28 | AJ40: =IF(AVERAGE(B40:AF40)>0,_xlfn.STDEV.P(B40:AF40)/AVERAGE(B40:AF40),"") -> 0.59468546 | AK40: =IF(AJ40<>"",IF(AJ40<=0.3,"X",IF(AJ40<=0.6,"Y","Z")),"") -> Y
A41: Drug Item 42 Gel | B41: 6 | C41: 8 | D41: 8 | G41: 3 | H41: 9 | I41: 1 | K41: 2 | M41: 6 | N41: 4 | O41: 2 | P41: 7 | Q41: 3 | R41: 6 | S41: 3 | U41: 2 | V41: 1 | W41: 5 | X41: 3 | Y41: 4 | AA41: 7 | AB41: 4 | AD41: 1 | AE41: 4 | AG41: 99 | AI41: =IF(COUNT(B41:AF41)>=20,COUNT(B41:AF41),"") -> 23 | AJ41: =IF(AVERAGE(B41:AF41)>0,_xlfn.STDEV.P(B41:AF41)/AVERAGE(B41:AF41),"") -> 0.54992556 | AK41: =IF(AJ41<>"",IF(AJ41<=0.3,"X",IF(AJ41<=0.6,"Y","Z")),"") -> Y
A42: Drug Item 43 Spray | B42: 2 | E42: 8 | F42: 4 | G42: 5 | H42: 5 | I42: 1 | J42: 1 | K42: 3 | L42: 3 | M42: 2 | N42: 4 | O42: 1 | Q42: 7 | R42: 3 | S42: 2 | T42: 3 | U42: 4 | V42: 2 | W42: 4 | X42: 2 | Z42: 5 | AA42: 4 | AB42: 5 | AD42: 3 | AF42: 5 | AG42: 88 | AI42: =IF(COUNT(B42:AF42)>=20,COUNT(B42:AF42),"") -> 25 | AJ42: =IF(AVERAGE(B42:AF42)>0,_xlfn.STDEV.P(B42:AF42)/AVERAGE(B42:AF42),"") -> 0.49611091 | AK42: =IF(AJ42<>"",IF(AJ42<=0.3,"X",IF(AJ42<=0.6,"Y","Z")),"") -> Y
A43: Drug Item 44 Drops | B43: 4 | C43: 4 | D43: 7 | E43: 13 | F43: 3 | G43: 3 | H43: 3 | I43: 4 | N43: 3 | O43: 6 | P43: 1 | Q43: 9 | R43: 3 | S43: 5 | T43: 9 | U43: 2 | V43: 2 | W43: 4 | X43: 5 | Y43: 13 | Z43: 4 | AA43: 6 | AB43: 4 | AC43: 3 | AD43: 3 | AE43: 1 | AF43: 3 | AG43: 127 | AI43: =IF(COUNT(B43:AF43)>=20,COUNT(B43:AF43),"") -> 27 | AJ43: =IF(AVERAGE(B43:AF43)>0,_xlfn.STDEV.P(B43:AF43)/AVERAGE(B43:AF43),"") -> 0.64902145 | AK43: =IF(AJ43<>"",IF(AJ43<=0.3,"X",IF(AJ43<=0.6,"Y","Z")),"") -> Z
A44: Drug Item 45 Tablets | C44: 2 | D44: 3 | E44: 5 | F44: 4 | G44: 4 | H44: 6 | I44: 1 | J44: 6 | K44: 3 | L44: 2 | N44: 8 | P44: 5 | Q44: 2 | R44: 4 | S44: 12 | U44: 2 | V44: 3 | W44: 3 | X44: 5 | Y44: 5 | Z44: 5 | AA44: 3 | AB44: 3 | AC44: 2 | AE44: 8 | AF44: 8 | AG44: 114 | AI44: =IF(COUNT(B44:AF44)>=20,COUNT(B44:AF44),"") -> 26 | AJ44: =IF(AVERAGE(B44:AF44)>0,_xlfn.STDEV.P(B44:AF44)/AVERAGE(B44:AF44),"") -> 0.55893096 | AK44: =IF(AJ44<>"",IF(AJ44<=0.3,"X",IF(AJ44<=0.6,"Y","Z")),"") -> Y
A45: Drug Item 46 Capsules | B45: 3 | C45: 5 | D45: 1 | E45: 8 | G45: 3 | J45: 10 | K45: 3 | N45: 2 | O45: 2 | P45: 4 | Q45: 6 | V45: 5 | W45: 4 | X45: 3 | Y45: 2 | AA45: 3 | AB45: 3 | AD45: 6 | AE45: 3 | AF45: 2 | AG45: 78 | AI45: =IF(COUNT(B45:AF45)>=20,COUNT(B45:AF45),"") -> 20 | AJ45: =IF(AVERAGE(B45:AF45)>0,_xlfn.STDEV.P(B45:AF45)/AVERAGE(B45:AF45),"") -> 0.55529251 | AK45: =IF(AJ45<>"",IF(AJ45<=0.3,"X",IF(AJ45<=0.6,"Y","Z")),"") -> Y
A46: Drug Item 47 Syrup | B46: 4 | C46: 2 | D46: 2 | E46: 4 | F46: 6 | G46: 8 | H46: 3 | I46: 3 | J46: 2 | K46: 2 | L46: 11 | M46: 2 | Q46: 3 | R46: 1 | S46: 3 | T46: 2 | W46: 3 | Y46: 5 | Z46: 1 | AB46: 2 | AD46: 6 | AE46: 7 | AF46: 1 | AG46: 83 | AI46: =IF(COUNT(B46:AF46)>=20,COUNT(B46:AF46),"") -> 23 | AJ46: =IF(AVERAGE(B46:AF46)>0,_xlfn.STDEV.P(B46:AF46)/AVERAGE(B46:AF46),"") -> 0.68240011 | AK46: =IF(AJ46<>"",IF(AJ46<=0.3,"X",IF(AJ46<=0.6,"Y","Z")),"") -> Z
A47: Drug Item 48 Injection | B47: 3 | C47: 2 | E47: 5 | H47: 4 | I47: 1 | J47: 4 | K47: 4 | L47: 8 | M47: 6 | O47: 4 | P47: 9 | R47: 5 | T47: 4 | U47: 5 | V47: 4 | X47: 3 | Y47: 2 | AA47: 1 | AB47: 4 | AC47: 5 | AD47: 4 | AE47: 10 | AF47: 7 | AG47: 104 | AI47: =IF(COUNT(B47:AF47)>=20,COUNT(B47:AF47),"") -> 23 | AJ47: =IF(AVERAGE(B47:AF47)>0,_xlfn.STDEV.P(B47:AF47)/AVERAGE(B47:AF47),"") -> 0.49610167 | AK47: =IF(AJ47<>"",IF(AJ47<=0.3,"X",IF(AJ47<=0.6,"Y","Z")),"") -> Y
A48: Drug Item 49 Cream | B48: 6 | C48: 8 | D48: 4 | F48: 7 | G48: 3 | H48: 3 | I48: 4 | J48: 2 | K48: 7 | L48: 5 | M48: 7 | N48: 3 | O48: 6 | P48: 6 | Q48: 1 | S48: 3 | T48: 3 | U48: 4 | V48: 6 | X48: 5 | Z48: 6 | AA48: 1 | AB48: 1 | AE48: 4 | AF48: 5 | AG48: 110 | AI48: =IF(COUNT(B48:AF48)>=20,COUNT(B48:AF48),"") -> 25 | AJ48: =IF(AVERAGE(B48:AF48)>0,_xlfn.STDEV.P(B48:AF48)/AVERAGE(B48:AF48),"") -> 0.44997704 | AK48: =IF(AJ48<>"",IF(AJ48<=0.3,"X",IF(AJ48<=0.6,"Y","Z")),"") -> Y
A49: Drug Item 5 Ointment | E49: 5 | F49: 5 | K49: 7 | L49: 4 | M49: 5 | O49: 7 | P49: 8 | Q49: 3 | R49: 6 | S49: 3 | T49: 3 | U49: 3 | V49: 3 | W49: 1 | X49: 6 | Y49: 5 | Z49: 13 | AB49: 6 | AC49: 2 | AD49: 5 | AE49: 7 | AG49: 107 | AI49: =IF(COUNT(B49:AF49)>=20,COUNT(B49:AF49),"") -> 21 | AJ49: =IF(AVERAGE(B49:AF49)>0,_xlfn.STDEV.P(B49:AF49)/AVERAGE(B49:AF49),"") -> 0.49541526 | AK49: =IF(AJ49<>"",IF(AJ49<=0.3,"X",IF(AJ49<=0.6,"Y","Z")),"") -> Y
A50: Drug Item 50 Ointment | C50: 3 | E50: 9 | F50: 5 | H50: 5 | K50: 1 | L50: 7 | N50: 6 | O50: 5 | Q50: 2 | R50: 1 | T50: 6 | U50: 8 | W50: 5 | X50: 3 | Y50: 3 | Z50: 3 | AA50: 5 | AB50: 2 | AE50: 8 | AF50: 3 | AG50: 90 | AI50: =IF(COUNT(B50:AF50)>=20,COUNT(B50:AF50),"") -> 20 | AJ50: =IF(AVERAGE(B50:AF50)>0,_xlfn.STDEV.P(B50:AF50)/AVERAGE(B50:AF50),"") -> 0.50917508 | AK50: =IF(AJ50<>"",IF(AJ50<=0.3,"X",IF(AJ50<=0.6,"Y","Z")),"") -> Y
A51: Drug Item 51 Gel | C51: 4 | D51: 6 | F51: 1 | G51: 3 | I51: 3 | K51: 2 | Q51: 6 | S51: 2 | U51: 1 | W51: 3 | X51: 6 | AA51: 4 | AB51: 3 | AC51: 2 | AF51: 10 | AG51: 56 | AI51: =IF(COUNT(B51:AF51)>=20,COUNT(B51:AF51),"") | AJ51: =IF(AVERAGE(B51:AF51)>0,_xlfn.STDEV.P(B51:AF51)/AVERAGE(B51:AF51),"") -> 0.62218755 | AK51: =IF(AJ51<>"",IF(AJ51<=0.3,"X",IF(AJ51<=0.6,"Y","Z")),"") -> Z
A52: Drug Item 52 Spray | B52: 2 | D52: 5 | F52: 5 | G52: 4 | H52: 2 | I52: 2 | J52: 1 | K52: 1 | L52: 4 | M52: 2 | N52: 4 | P52: 2 | Q52: 6 | R52: 2 | S52: 6 | T52: 2 | V52: 3 | W52: 6 | X52: 3 | Y52: 3 | Z52: 2 | AA52: 8 | AB52: 6 | AC52: 4 | AD52: 2 | AF52: 3 | AG52: 90 | AI52: =IF(COUNT(B52:AF52)>=20,COUNT(B52:AF52),"") -> 26 | AJ52: =IF(AVERAGE(B52:AF52)>0,_xlfn.STDEV.P(B52:AF52)/AVERAGE(B52:AF52),"") -> 0.52068331 | AK52: =IF(AJ52<>"",IF(AJ52<=0.3,"X",IF(AJ52<=0.6,"Y","Z")),"") -> Y
A53: Drug Item 53 Drops | B53: 7 | C53: 2 | D53: 1 | E53: 6 | G53: 9 | H53: 3 | J53: 5 | K53: 1 | L53: 7 | N53: 6 | O53: 1 | P53: 6 | Q53: 3 | R53: 5 | S53: 7 | T53: 1 | U53: 4 | V53: 1 | W53: 2 | X53: 1 | Y53: 2 | AA53: 3 | AB53: 5 | AC53: 3 | AD53: 1 | AE53: 1 | AF53: 2 | AG53: 95 | AI53: =IF(COUNT(B53:AF53)>=20,COUNT(B53:AF53),"") -> 27 | AJ53: =IF(AVERAGE(B53:AF53)>0,_xlfn.STDEV.P(B53:AF53)/AVERAGE(B53:AF53),"") -> 0.67598292 | AK53: =IF(AJ53<>"",IF(AJ53<=0.3,"X",IF(AJ53<=0.6,"Y","Z")),"") -> Z
A54: Drug Item 54 Tablets | B54: 1 | C54: 5 | D54: 3 | E54: 7 | F54: 8 | G54: 2 | H54: 5 | J54: 6 | K54: 6 | L54: 4 | M54: 8 | N54: 1 | O54: 1 | Q54: 9 | S54: 5 | T54: 2 | U54: 4 | V54: 2 | W54: 4 | X54: 2 | Y54: 3 | Z54: 3 | AA54: 3 | AB54: 3 | AC54: 5 | AD54: 4 | AE54: 3 | AF54: 5 | AG54: 114 | AI54: =IF(COUNT(B54:AF54)>=20,COUNT(B54:AF54),"") -> 28 | AJ54: =IF(AVERAGE(B54:AF54)>0,_xlfn.STDEV.P(B54:AF54)/AVERAGE(B54:AF54),"") -> 0.52485176 | AK54: =IF(AJ54<>"",IF(AJ54<=0.3,"X",IF(AJ54<=0.6,"Y","Z")),"") -> Y
A55: Drug Item 55 Capsules | D55: 3 | F55: 2 | G55: 3 | H55: 3 | I55: 1 | K55: 3 | L55: 1 | N55: 2 | O55: 3 | P55: 3 | Q55: 5 | R55: 2 | S55: 4 | T55: 8 | U55: 2 | V55: 6 | W55: 2 | Z55: 6 | AB55: 3 | AC55: 4 | AD55: 3 | AE55: 1 | AF55: 4 | AG55: 74 | AI55: =IF(COUNT(B55:AF55)>=20,COUNT(B55:AF55),"") -> 23 | AJ55: =IF(AVERAGE(B55:AF55)>0,_xlfn.STDEV.P(B55:AF55)/AVERAGE(B55:AF55),"") -> 0.52616006 | AK55: =IF(AJ55<>"",IF(AJ55<=0.3,"X",IF(AJ55<=0.6,"Y","Z")),"") -> Y
A56: Drug Item 56 Syrup | C56: 2 | E56: 3 | F56: 2 | G56: 4 | H56: 3 | I56: 1 | J56: 1 | K56: 9 | L56: 6 | N56: 7 | O56: 3 | P56: 3 | Q56: 2 | R56: 3 | T56: 5 | U56: 5 | V56: 7 | W56: 4 | Y56: 3 | Z56: 5 | AB56: 8 | AD56: 5 | AF56: 6 | AG56: 97 | AI56: =IF(COUNT(B56:AF56)>=20,COUNT(B56:AF56),"") -> 23 | AJ56: =IF(AVERAGE(B56:AF56)>0,_xlfn.STDEV.P(B56:AF56)/AVERAGE(B56:AF56),"") -> 0.5088232 | AK56: =IF(AJ56<>"",IF(AJ56<=0.3,"X",IF(AJ56<=0.6,"Y","Z")),"") -> Y
A57: Drug Item 57 Injection | B57: 3 | D57: 2 | E57: 3 | G57: 2 | H57: 4 | J57: 6 | K57: 2 | L57: 3 | M57: 2 | O57: 1 | Q57: 7 | R57: 5 | S57: 7 | U57: 6 | V57: 2 | W57: 1 | X57: 6 | Y57: 6 | AA57: 4 | AC57: 3 | AD57: 3 | AE57: 5 | AF57: 2 | AG57: 85 | AI57: =IF(COUNT(B57:AF57)>=20,COUNT(B57:AF57),"") -> 23 | AJ57: =IF(AVERAGE(B57:AF57)>0,_xlfn.STDEV.P(B57:AF57)/AVERAGE(B57:AF57),"") -> 0.50738491 | AK57: =IF(AJ57<>"",IF(AJ57<=0.3,"X",IF(AJ57<=0.6,"Y","Z")),"") -> Y
A58: Drug Item 58 Cream | C58: 5 | D58: 6 | E58: 6 | G58: 8 | H58: 3 | I58: 4 | J58: 1 | K58: 4 | L58: 3 | N58: 4 | O58: 3 | P58: 6 | Q58: 10 | R58: 1 | S58: 3 | U58: 4 | V58: 3 | W58: 8 | AA58: 5 | AC58: 6 | AD58: 6 | AF58: 2 | AG58: 101 | AI58: =IF(COUNT(B58:AF58)>=20,COUNT(B58:AF58),"") -> 22 | AJ58: =IF(AVERAGE(B58:AF58)>0,_xlfn.STDEV.P(B58:AF58)/AVERAGE(B58:AF58),"") -> 0.48555247 | AK58: =IF(AJ58<>"",IF(AJ58<=0.3,"X",IF(AJ58<=0.6,"Y","Z")),"") -> Y
A59: Drug Item 59 Ointment | B59: 4 | E59: 3 | F59: 2 | G59: 2 | H59: 3 | I59: 8 | J59: 3 | K59: 7 | L59: 2 | M59: 3 | N59: 3 | O59: 1 | P59: 6 | Q59: 1 | R59: 7 | S59: 2 | T59: 2 | U59: 3 | V59: 3 | X59: 8 | Y59: 7 | Z59: 3 | AA59: 3 | AB59: 2 | AC59: 3 | AD59: 1 | AE59: 3 | AG59: 95 | AI59: =IF(COUNT(B59:AF59)>=20,COUNT(B59:AF59),"") -> 27 | AJ59: =IF(AVERAGE(B59:AF59)>0,_xlfn.STDEV.P(B59:AF59)/AVERAGE(B59:AF59),"") -> 0.59601632 | AK59: =IF(AJ59<>"",IF(AJ59<=0.3,"X",IF(AJ59<=0.6,"Y","Z")),"") -> Y
A60: Drug Item 6 Gel | B60: 5 | C60: 9 | E60: 4 | F60: 5 | G60: 5 | H60: 4 | I60: 3 | J60: 6 | L60: 2 | M60: 6 | O60: 5 | R60: 2 | S60: 7 | T60: 3 | U60: 6 | V60: 4 | W60: 4 | X60: 6 | Y60: 4 | Z60: 2 | AA60: 2 | AB60: 5 | AC60: 6 | AD60: 3 | AE60: 6 | AF60: 6 | AG60: 120 | AI60: =IF(COUNT(B60:AF60)>=20,COUNT(B60:AF60),"") -> 26 | AJ60: =IF(AVERAGE(B60:AF60)>0,_xlfn.STDEV.P(B60:AF60)/AVERAGE(B60:AF60),"") -> 0.37080992 | AK60: =IF(AJ60<>"",IF(AJ60<=0.3,"X",IF(AJ60<=0.6,"Y","Z")),"") -> Y
A61: Drug Item 60 Gel | B61: 2 | C61: 1 | D61: 1 | E61: 2 | F61: 4 | G61: 1 | H61: 4 | I61: 2 | J61: 5 | K61: 1 | L61: 2 | M61: 5 | N61: 4 | O61: 2 | Q61: 2 | S61: 4 | T61: 6 | V61: 10 | W61: 9 | X61: 3 | Y61: 4 | AA61: 8 | AC61: 8 | AD61: 3 | AE61: 5 | AF61: 9 | AG61: 107 | AI61: =IF(COUNT(B61:AF61)>=20,COUNT(B61:AF61),"") -> 26 | AJ61: =IF(AVERAGE(B61:AF61)>0,_xlfn.STDEV.P(B61:AF61)/AVERAGE(B61:AF61),"") -> 0.65106053 | AK61: =IF(AJ61<>"",IF(AJ61<=0.3,"X",IF(AJ61<=0.6,"Y","Z")),"") -> Z
A62: Drug Item 61 Spray | B62: 4 | D62: 2 | E62: 2 | F62: 2 | I62: 3 | J62: 3 | L62: 5 | M62: 2 | O62: 10 | P62: 6 | Q62: 2 | R62: 5 | V62: 3 | W62: 6 | X62: 1 | Y62: 3 | AA62: 2 | AB62: 1 | AC62: 1 | AD62: 1 | AF62: 3 | AG62: 67 | AI62: =IF(COUNT(B62:AF62)>=20,COUNT(B62:AF62),"") -> 21 | AJ62: =IF(AVERAGE(B62:AF62)>0,_xlfn.STDEV.P(B62:AF62)/AVERAGE(B62:AF62),"") -> 0.67445514 | AK62: =IF(AJ62<>"",IF(AJ62<=0.3,"X",IF(AJ62<=0.6,"Y","Z")),"") -> Z
A63: Drug Item 62 Drops | B63: 3 | C63: 4 | D63: 6 | E63: 5 | H63: 4 | I63: 1 | J63: 3 | K63: 2 | L63: 4 | M63: 5 | N63: 3 | O63: 2 | P63: 10 | Q63: 3 | S63: 6 | T63: 7 | U63: 6 | V63: 4 | X63: 1 | Z63: 5 | AA63: 1 | AB63: 2 | AD63: 2 | AF63: 3 | AG63: 92 | AI63: =IF(COUNT(B63:AF63)>=20,COUNT(B63:AF63),"") -> 24 | AJ63: =IF(AVERAGE(B63:AF63)>0,_xlfn.STDEV.P(B63:AF63)/AVERAGE(B63:AF63),"") -> 0.55167728 | AK63: =IF(AJ63<>"",IF(AJ63<=0.3,"X",IF(AJ63<=0.6,"Y","Z")),"") -> Y
A64: Drug Item 63 Tablets | C64: 4 | D64: 5 | E64: 5 | F64: 5 | G64: 3 | I64: 5 | L64: 1 | M64: 3 | N64: 2 | P64: 3 | Q64: 2 | S64: 5 | T64: 3 | U64: 2 | V64: 7 | W64: 3 | X64: 1 | Y64: 4 | AA64: 2 | AC64: 3 | AD64: 7 | AE64: 7 | AF64: 1 | AG64: 83 | AI64: =IF(COUNT(B64:AF64)>=20,COUNT(B64:AF64),"") -> 23 | AJ64: =IF(AVERAGE(B64:AF64)>0,_xlfn.STDEV.P(B64:AF64)/AVERAGE(B64:AF64),"") -> 0.5085993 | AK64: =IF(AJ64<>"",IF(AJ64<=0.3,"X",IF(AJ64<=0.6,"Y","Z")),"") -> Y
A65: Drug Item 64 Capsules | B65: 11 | C65: 3 | D65: 3 | E65: 2 | H65: 5 | I65: 1 | J65: 1 | K65: 7 | L65: 2 | M65: 6 | N65: 3 | O65: 2 | R65: 2 | S65: 3 | T65: 1 | U65: 1 | V65: 1 | X65: 2 | Z65: 3 | AA65: 10 | AB65: 4 | AC65: 6 | AE65: 4 | AG65: 83 | AI65: =IF(COUNT(B65:AF65)>=20,COUNT(B65:AF65),"") -> 23 | AJ65: =IF(AVERAGE(B65:AF65)>0,_xlfn.STDEV.P(B65:AF65)/AVERAGE(B65:AF65),"") -> 0.75221645 | AK65: =IF(AJ65<>"",IF(AJ65<=0.3,"X",IF(AJ65<=0.6,"Y","Z")),"") -> Z
A66: Drug Item 65 Syrup | B66: 2 | C66: 3 | E66: 3 | F66: 5 | G66: 9 | H66: 10 | I66: 4 | L66: 5 | M66: 3 | N66: 3 | P66: 1 | Q66: 5 | R66: 3 | S66: 5 | T66: 3 | U66: 3 | V66: 5 | X66: 3 | Z66: 1 | AA66: 6 | AB66: 3 | AC66: 2 | AD66: 8 | AE66: 3 | AF66: 6 | AG66: 104 | AI66: =IF(COUNT(B66:AF66)>=20,COUNT(B66:AF66),"") -> 25 | AJ66: =IF(AVERAGE(B66:AF66)>0,_xlfn.STDEV.P(B66:AF66)/AVERAGE(B66:AF66),"") -> 0.53828981 | AK66: =IF(AJ66<>"",IF(AJ66<=0.3,"X",IF(AJ66<=0.6,"Y","Z")),"") -> Y
A67: Drug Item 66 Injection | D67: 12 | E67: 4 | F67: 3 | H67: 2 | I67: 5 | J67: 3 | N67: 3 | O67: 2 | P67: 5 | Q67: 2 | R67: 1 | U67: 4 | V67: 5 | W67: 2 | X67: 4 | Y67: 8 | Z67: 3 | AA67: 4 | AB67: 3 | AE67: 2 | AF67: 1 | AG67: 78 | AI67: =IF(COUNT(B67:AF67)>=20,COUNT(B67:AF67),"") -> 21 | AJ67: =IF(AVERAGE(B67:AF67)>0,_xlfn.STDEV.P(B67:AF67)/AVERAGE(B67:AF67),"") -> 0.6549764 | AK67: =IF(AJ67<>"",IF(AJ67<=0.3,"X",IF(AJ67<=0.6,"Y","Z")),"") -> Z
A68: Drug Item 67 Cream | B68: 1 | C68: 3 | D68: 2 | E68: 3 | F68: 3 | G68: 3 | H68: 3 | I68: 5 | J68: 6 | K68: 2 | M68: 2 | N68: 8 | Q68: 1 | R68: 4 | S68: 2 | T68: 6 | U68: 3 | W68: 4 | X68: 3 | Y68: 9 | Z68: 3 | AB68: 5 | AC68: 1 | AD68: 6 | AE68: 1 | AG68: 89 | AI68: =IF(COUNT(B68:AF68)>=20,COUNT(B68:AF68),"") -> 25 | AJ68: =IF(AVERAGE(B68:AF68)>0,_xlfn.STDEV.P(B68:AF68)/AVERAGE(B68:AF68),"") -> 0.58964682 | AK68: =IF(AJ68<>"",IF(AJ68<=0.3,"X",IF(AJ68<=0.6,"Y","Z")),"") -> Y
A69: Drug Item 68 Ointment | B69: 1 | C69: 1 | E69: 2 | F69: 3 | G69: 4 | H69: 2 | J69: 8 | K69: 5 | L69: 5 | M69: 4 | N69: 1 | O69: 2 | P69: 5 | Q69: 3 | R69: 4 | S69: 2 | V69: 11 | X69: 2 | Z69: 3 | AA69: 6 | AB69: 3 | AC69: 3 | AD69: 9 | AE69: 6 | AF69: 5 | AG69: 100 | AI69: =IF(COUNT(B69:AF69)>=20,COUNT(B69:AF69),"") -> 25 | AJ69: =IF(AVERAGE(B69:AF69)>0,_xlfn.STDEV.P(B69:AF69)/AVERAGE(B69:AF69),"") -> 0.62048368 | AK69: =IF(AJ69<>"",IF(AJ69<=0.3,"X",IF(AJ69<=0.6,"Y","Z")),"") -> Z
A70: Drug Item 69 Gel | B70: 1 | C70: 6 | E70: 1 | G70: 7 | I70: 1 | J70: 1 | L70: 3 | M70: 4 | N70: 4 | O70: 6 | P70: 7 | Q70: 6 | R70: 3 | S70: 2 | T70: 8 | U70: 3 | V70: 2 | W70: 1 | X70: 4 | Y70: 2 | Z70: 3 | AA70: 3 | AB70: 3 | AC70: 3 | AD70: 9 | AE70: 8 | AF70: 1 | AG70: 102 | AI70: =IF(COUNT(B70:AF70)>=20,COUNT(B70:AF70),"") -> 27 | AJ70: =IF(AVERAGE(B70:AF70)>0,_xlfn.STDEV.P(B70:AF70)/AVERAGE(B70:AF70),"") -> 0.64168895 | AK70: =IF(AJ70<>"",IF(AJ70<=0.3,"X",IF(AJ70<=0.6,"Y","Z")),"") -> Z
A71: Drug Item 7 Spray | B71: 1 | D71: 4 | E71: 4 | F71: 6 | H71: 2 | I71: 1 | J71: 3 | L71: 3 | M71: 6 | N71: 1 | O71: 3 | P71: 3 | Q71: 5 | S71: 1 | T71: 1 | U71: 4 | V71: 1 | W71: 2 | X71: 6 | Y71: 2 | Z71: 8 | AA71: 4 | AB71: 7 | AC71: 3 | AD71: 3 | AF71: 1 | AG71: 85 | AI71: =IF(COUNT(B71:AF71)>=20,COUNT(B71:AF71),"") -> 26 | AJ71: =IF(AVERAGE(B71:AF71)>0,_xlfn.STDEV.P(B71:AF71)/AVERAGE(B71:AF71),"") -> 0.6150365 | AK71: =IF(AJ71<>"",IF(AJ71<=0.3,"X",IF(AJ71<=0.6,"Y","Z")),"") -> Z
A72: Drug Item 70 Spray | C72: 1 | D72: 2 | H72: 3 | I72: 5 | J72: 3 | K72: 4 | L72: 4 | M72: 5 | N72: 2 | O72: 7 | P72: 2 | Q72: 1 | S72: 4 | T72: 4 | U72: 6 | W72: 4 | X72: 5 | Y72: 6 | Z72: 6 | AA72: 3 | AB72: 3 | AC72: 1 | AD72: 4 | AE72: 4 | AF72: 8 | AG72: 97 | AI72: =IF(COUNT(B72:AF72)>=20,COUNT(B72:AF72),"") -> 25 | AJ72: =IF(AVERAGE(B72:AF72)>0,_xlfn.STDEV.P(B72:AF72)/AVERAGE(B72:AF72),"") -> 0.46859044 | AK72: =IF(AJ72<>"",IF(AJ72<=0.3,"X",IF(AJ72<=0.6,"Y","Z")),"") -> Y
A73: Drug Item 71 Drops | C73: 11 | D73: 7 | F73: 2 | G73: 3 | H73: 9 | J73: 6 | L73: 4 | M73: 2 | N73: 4 | O73: 1 | P73: 5 | Q73: 3 | R73: 1 | S73: 8 | T73: 5 | U73: 4 | V73: 7 | W73: 1 | X73: 6 | Y73: 5 | Z73: 2 | AA73: 16 | AB73: 3 | AC73: 4 | AD73: 10 | AE73: 1 | AG73: 130 | AI73: =IF(COUNT(B73:AF73)>=20,COUNT(B73:AF73),"") -> 26 | AJ73: =IF(AVERAGE(B73:AF73)>0,_xlfn.STDEV.P(B73:AF73)/AVERAGE(B73:AF73),"") -> 0.70601809 | AK73: =IF(AJ73<>"",IF(AJ73<=0.3,"X",IF(AJ73<=0.6,"Y","Z")),"") -> Z
A74: Drug Item 72 Tablets | B74: 5 | C74: 6 | D74: 6 | F74: 8 | G74: 6 | H74: 7 | I74: 7 | J74: 1 | K74: 5 | L74: 1 | M74: 3 | N74: 2 | P74: 6 | Q74: 6 | S74: 5 | U74: 3 | V74: 2 | X74: 5 | Y74: 1 | Z74: 5 | AA74: 2 | AC74: 4 | AD74: 6 | AE74: 2 | AF74: 2 | AG74: 106 | AI74: =IF(COUNT(B74:AF74)>=20,COUNT(B74:AF74),"") -> 25 | AJ74: =IF(AVERAGE(B74:AF74)>0,_xlfn.STDEV.P(B74:AF74)/AVERAGE(B74:AF74),"") -> 0.49597885 | AK74: =IF(AJ74<>"",IF(AJ74<=0.3,"X",IF(AJ74<=0.6,"Y","Z")),"") -> Y
A75: Drug Item 73 Capsules | B75: 1 | C75: 11 | D75: 6 | G75: 1 | H75: 2 | L75: 4 | P75: 8 | S75: 3 | T75: 2 | U75: 5 | V75: 1 | W75: 9 | X75: 8 | Y75: 3 | Z75: 5 | AA75: 1 | AB75: 3 | AD75: 1 | AE75: 5 | AF75: 1 | AG75: 80 | AI75: =IF(COUNT(B75:AF75)>=20,COUNT(B75:AF75),"") -> 20 | AJ75: =IF(AVERAGE(B75:AF75)>0,_xlfn.STDEV.P(B75:AF75)/AVERAGE(B75:AF75),"") -> 0.74582169 | AK75: =IF(AJ75<>"",IF(AJ75<=0.3,"X",IF(AJ75<=0.6,"Y","Z")),"") -> Z
A76: Drug Item 74 Syrup | C76: 4 | D76: 3 | E76: 9 | H76: 1 | I76: 3 | J76: 2 | K76: 1 | L76: 3 | M76: 8 | N76: 6 | O76: 1 | P76: 4 | R76: 3 | S76: 3 | T76: 3 | V76: 5 | W76: 1 | X76: 5 | AA76: 2 | AB76: 5 | AD76: 2 | AE76: 8 | AF76: 1 | AG76: 83 | AI76: =IF(COUNT(B76:AF76)>=20,COUNT(B76:AF76),"") -> 23 | AJ76: =IF(AVERAGE(B76:AF76)>0,_xlfn.STDEV.P(B76:AF76)/AVERAGE(B76:AF76),"") -> 0.64206808 | AK76: =IF(AJ76<>"",IF(AJ76<=0.3,"X",IF(AJ76<=0.6,"Y","Z")),"") -> Z
A77: Drug Item 75 Injection | B77: 4 | C77: 1 | D77: 2 | E77: 6 | F77: 1 | G77: 5 | H77: 3 | I77: 4 | J77: 8 | K77: 1 | L77: 3 | M77: 3 | N77: 1 | O77: 1 | P77: 11 | Q77: 7 | T77: 5 | X77: 3 | Z77: 3 | AB77: 4 | AC77: 4 | AF77: 3 | AG77: 83 | AI77: =IF(COUNT(B77:AF77)>=20,COUNT(B77:AF77),"") -> 22 | AJ77: =IF(AVERAGE(B77:AF77)>0,_xlfn.STDEV.P(B77:AF77)/AVERAGE(B77:AF77),"") -> 0.65382957 | AK77: =IF(AJ77<>"",IF(AJ77<=0.3,"X",IF(AJ77<=0.6,"Y","Z")),"") -> Z
A78: Drug Item 76 Cream | C78: 1 | D78: 6 | E78: 1 | F78: 2 | G78: 5 | H78: 8 | I78: 2 | J78: 2 | K78: 7 | M78: 1 | N78: 4 | O78: 4 | Q78: 5 | R78: 4 | S78: 3 | T78: 4 | U78: 4 | V78: 5 | Z78: 3 | AA78: 4 | AC78: 5 | AE78: 6 | AF78: 2 | AG78: 88 | AI78: =IF(COUNT(B78:AF78)>=20,COUNT(B78:AF78),"") -> 23 | AJ78: =IF(AVERAGE(B78:AF78)>0,_xlfn.STDEV.P(B78:AF78)/AVERAGE(B78:AF78),"") -> 0.49140337 | AK78: =IF(AJ78<>"",IF(AJ78<=0.3,"X",IF(AJ78<=0.6,"Y","Z")),"") -> Y
A79: Drug Item 77 Ointment | B79: 1 | C79: 8 | D79: 9 | E79: 6 | H79: 6 | I79: 2 | J79: 4 | K79: 3 | L79: 7 | O79: 3 | P79: 5 | S79: 2 | T79: 6 | U79: 2 | V79: 2 | W79: 7 | X79: 3 | Y79: 1 | AA79: 3 | AB79: 3 | AC79: 2 | AD79: 6 | AE79: 5 | AF79: 6 | AG79: 102 | AI79: =IF(COUNT(B79:AF79)>=20,COUNT(B79:AF79),"") -> 24 | AJ79: =IF(AVERAGE(B79:AF79)>0,_xlfn.STDEV.P(B79:AF79)/AVERAGE(B79:AF79),"") -> 0.53158595 | AK79: =IF(AJ79<>"",IF(AJ79<=0.3,"X",IF(AJ79<=0.6,"Y","Z")),"") -> Y
A80: Drug Item 78 Gel | B80: 1 | C80: 7 | D80: 8 | E80: 6 | H80: 7 | J80: 2 | L80: 3 | M80: 1 | O80: 2 | P80: 10 | Q80: 3 | R80: 3 | U80: 6 | W80: 4 | X80: 6 | Y80: 1 | Z80: 3 | AB80: 4 | AD80: 7 | AE80: 4 | AF80: 3 | AG80: 91 | AI80: =IF(COUNT(B80:AF80)>=20,COUNT(B80:AF80),"") -> 21 | AJ80: =IF(AVERAGE(B80:AF80)>0,_xlfn.STDEV.P(B80:AF80)/AVERAGE(B80:AF80),"") -> 0.57121721 | AK80: =IF(AJ80<>"",IF(AJ80<=0.3,"X",IF(AJ80<=0.6,"Y","Z")),"") -> Y
A81: Drug Item 79 Spray | C81: 5 | D81: 2 | E81: 2 | F81: 4 | G81: 2 | H81: 11 | J81: 6 | K81: 6 | L81: 5 | N81: 8 | P81: 5 | Q81: 3 | R81: 2 | T81: 3 | U81: 1 | W81: 1 | X81: 1 | Y81: 3 | Z81: 3 | AA81: 1 | AB81: 1 | AD81: 3 | AE81: 9 | AF81: 4 | AG81: 91 | AI81: =IF(COUNT(B81:AF81)>=20,COUNT(B81:AF81),"") -> 24 | AJ81: =IF(AVERAGE(B81:AF81)>0,_xlfn.STDEV.P(B81:AF81)/AVERAGE(B81:AF81),"") -> 0.69352762 | AK81: =IF(AJ81<>"",IF(AJ81<=0.3,"X",IF(AJ81<=0.6,"Y","Z")),"") -> Z
A82: Drug Item 8 Drops | B82: 3 | C82: 1 | D82: 4 | F82: 6 | G82: 3 | H82: 5 | I82: 2 | J82: 3 | L82: 3 | N82: 9 | P82: 3 | Q82: 1 | R82: 3 | S82: 2 | T82: 1 | U82: 1 | V82: 2 | W82: 7 | X82: 5 | AA82: 1 | AB82: 11 | AD82: 1 | AE82: 3 | AF82: 1 | AG82: 81 | AI82: =IF(COUNT(B82:AF82)>=20,COUNT(B82:AF82),"") -> 24 | AJ82: =IF(AVERAGE(B82:AF82)>0,_xlfn.STDEV.P(B82:AF82)/AVERAGE(B82:AF82),"") -> 0.76890887 | AK82: =IF(AJ82<>"",IF(AJ82<=0.3,"X",IF(AJ82<=0.6,"Y","Z")),"") -> Z
A83: Drug Item 80 Drops | B83: 3 | C83: 2 | D83: 3 | G83: 10 | J83: 4 | K83: 2 | L83: 6 | M83: 11 | N83: 4 | O83: 3 | P83: 6 | Q83: 3 | R83: 6 | S83: 1 | T83: 2 | U83: 3 | V83: 5 | W83: 5 | Y83: 5 | Z83: 2 | AA83: 2 | AB83: 1 | AC83: 1 | AE83: 10 | AF83: 16 | AG83: 116 | AI83: =IF(COUNT(B83:AF83)>=20,COUNT(B83:AF83),"") -> 25 | AJ83: =IF(AVERAGE(B83:AF83)>0,_xlfn.STDEV.P(B83:AF83)/AVERAGE(B83:AF83),"") -> 0.77317542 | AK83: =IF(AJ83<>"",IF(AJ83<=0.3,"X",IF(AJ83<=0.6,"Y","Z")),"") -> Z
A84: Drug Item 81 Tablets | B84: 8 | C84: 1 | D84: 3 | F84: 1 | G84: 4 | H84: 6 | I84: 8 | J84: 3 | L84: 2 | M84: 3 | N84: 6 | P84: 3 | Q84: 8 | R84: 8 | V84: 2 | W84: 3 | X84: 5 | Z84: 5 | AB84: 1 | AE84: 4 | AG84: 84 | AI84: =IF(COUNT(B84:AF84)>=20,COUNT(B84:AF84),"") -> 20 | AJ84: =IF(AVERAGE(B84:AF84)>0,_xlfn.STDEV.P(B84:AF84)/AVERAGE(B84:AF84),"") -> 0.56644654 | AK84: =IF(AJ84<>"",IF(AJ84<=0.3,"X",IF(AJ84<=0.6,"Y","Z")),"") -> Y
A85: Drug Item 82 Capsules | B85: 1 | C85: 1 | D85: 2 | E85: 5 | F85: 8 | G85: 5 | H85: 2 | I85: 2 | K85: 5 | M85: 9 | O85: 5 | P85: 7 | Q85: 7 | R85: 2 | S85: 4 | T85: 3 | U85: 2 | V85: 7 | W85: 9 | Z85: 6 | AA85: 1 | AB85: 4 | AC85: 4 | AD85: 8 | AE85: 5 | AF85: 2 | AG85: 116 | AI85: =IF(COUNT(B85:AF85)>=20,COUNT(B85:AF85),"") -> 26 | AJ85: =IF(AVERAGE(B85:AF85)>0,_xlfn.STDEV.P(B85:AF85)/AVERAGE(B85:AF85),"") -> 0.56371665 | AK85: =IF(AJ85<>"",IF(AJ85<=0.3,"X",IF(AJ85<=0.6,"Y","Z")),"") -> Y
A86: Drug Item 83 Syrup | B86: 2 | C86: 3 | D86: 3 | E86: 9 | F86: 3 | G86: 3 | H86: 8 | J86: 3 | K86: 2 | L86: 5 | M86: 3 | N86: 5 | O86: 3 | P86: 3 | Q86: 6 | R86: 1 | S86: 1 | T86: 10 | U86: 2 | V86: 3 | W86: 3 | X86: 7 | Z86: 3 | AA86: 1 | AD86: 5 | AE86: 3 | AF86: 2 | AG86: 102 | AI86: =IF(COUNT(B86:AF86)>=20,COUNT(B86:AF86),"") -> 27 | AJ86: =IF(AVERAGE(B86:AF86)>0,_xlfn.STDEV.P(B86:AF86)/AVERAGE(B86:AF86),"") -> 0.61694638 | AK86: =IF(AJ86<>"",IF(AJ86<=0.3,"X",IF(AJ86<=0.6,"Y","Z")),"") -> Z
A87: Drug Item 84 Injection | B87: 5 | C87: 8 | D87: 8 | E87: 4 | F87: 7 | H87: 8 | I87: 8 | J87: 2 | L87: 4 | P87: 3 | S87: 2 | T87: 2 | U87: 4 | V87: 1 | W87: 6 | X87: 6 | Y87: 1 | AA87: 10 | AB87: 2 | AC87: 2 | AE87: 1 | AG87: 94 | AI87: =IF(COUNT(B87:AF87)>=20,COUNT(B87:AF87),"") -> 21 | AJ87: =IF(AVERAGE(B87:AF87)>0,_xlfn.STDEV.P(B87:AF87)/AVERAGE(B87:AF87),"") -> 0.6190356 | AK87: =IF(AJ87<>"",IF(AJ87<=0.3,"X",IF(AJ87<=0.6,"Y","Z")),"") -> Z
A88: Drug Item 85 Cream | B88: 10 | C88: 4 | F88: 2 | G88: 1 | H88: 2 | I88: 7 | K88: 2 | L88: 3 | M88: 5 | N88: 2 | O88: 3 | R88: 2 | S88: 6 | U88: 6 | V88: 3 | W88: 2 | X88: 4 | Y88: 6 | Z88: 1 | AA88: 5 | AB88: 10 | AC88: 5 | AD88: 1 | AF88: 2 | AG88: 94 | AI88: =IF(COUNT(B88:AF88)>=20,COUNT(B88:AF88),"") -> 24 | AJ88: =IF(AVERAGE(B88:AF88)>0,_xlfn.STDEV.P(B88:AF88)/AVERAGE(B88:AF88),"") -> 0.64640245 | AK88: =IF(AJ88<>"",IF(AJ88<=0.3,"X",IF(AJ88<=0.6,"Y","Z")),"") -> Z
A89: Drug Item 86 Ointment | B89: 6 | C89: 5 | D89: 3 | E89: 8 | F89: 3 | G89: 5 | J89: 3 | K89: 3 | N89: 2 | O89: 5 | P89: 6 | Q89: 3 | R89: 9 | T89: 6 | U89: 3 | V89: 3 | X89: 5 | Y89: 2 | AA89: 4 | AD89: 1 | AE89: 7 | AF89: 6 | AG89: 98 | AI89: =IF(COUNT(B89:AF89)>=20,COUNT(B89:AF89),"") -> 22 | AJ89: =IF(AVERAGE(B89:AF89)>0,_xlfn.STDEV.P(B89:AF89)/AVERAGE(B89:AF89),"") -> 0.45267496 | AK89: =IF(AJ89<>"",IF(AJ89<=0.3,"X",IF(AJ89<=0.6,"Y","Z")),"") -> Y
A90: Drug Item 87 Gel | B90: 1 | C90: 2 | D90: 1 | E90: 7 | F90: 6 | G90: 1 | H90: 7 | L90: 6 | M90: 3 | N90: 2 | O90: 1 | R90: 3 | S90: 3 | T90: 5 | U90: 3 | V90: 2 | W90: 3 | X90: 4 | Y90: 5 | Z90: 3 | AA90: 6 | AB90: 1 | AC90: 10 | AD90: 6 | AE90: 3 | AG90: 94 | AI90: =IF(COUNT(B90:AF90)>=20,COUNT(B90:AF90),"") -> 25 | AJ90: =IF(AVERAGE(B90:AF90)>0,_xlfn.STDEV.P(B90:AF90)/AVERAGE(B90:AF90),"") -> 0.61702128 | AK90: =IF(AJ90<>"",IF(AJ90<=0.3,"X",IF(AJ90<=0.6,"Y","Z")),"") -> Z
A91: Drug Item 88 Spray | B91: 3 | D91: 4 | F91: 1 | G91: 3 | I91: 2 | K91: 2 | L91: 1 | M91: 3 | O91: 3 | Q91: 4 | R91: 5 | S91: 2 | T91: 5 | V91: 5 | W91: 5 | X91: 4 | Y91: 3 | AA91: 6 | AB91: 3 | AC91: 3 | AD91: 1 | AE91: 2 | AF91: 3 | AG91: 73 | AI91: =IF(COUNT(B91:AF91)>=20,COUNT(B91:AF91),"") -> 23 | AJ91: =IF(AVERAGE(B91:AF91)>0,_xlfn.STDEV.P(B91:AF91)/AVERAGE(B91:AF91),"") -> 0.43232148 | AK91: =IF(AJ91<>"",IF(AJ91<=0.3,"X",IF(AJ91<=0.6,"Y","Z")),"") -> Y
A92: Drug Item 89 Drops | B92: 3 | D92: 5 | E92: 1 | F92: 7 | I92: 3 | J92: 6 | K92: 4 | L92: 3 | N92: 2 | O92: 8 | P92: 3 | Q92: 8 | R92: 6 | S92: 6 | T92: 5 | V92: 4 | X92: 4 | Y92: 1 | Z92: 1 | AA92: 6 | AB92: 4 | AC92: 7 | AE92: 7 | AF92: 2 | AG92: 106 | AI92: =IF(COUNT(B92:AF92)>=20,COUNT(B92:AF92),"") -> 24 | AJ92: =IF(AVERAGE(B92:AF92)>0,_xlfn.STDEV.P(B92:AF92)/AVERAGE(B92:AF92),"") -> 0.48874845 | AK92: =IF(AJ92<>"",IF(AJ92<=0.3,"X",IF(AJ92<=0.6,"Y","Z")),"") -> Y
A93: Drug Item 9 Tablets | C93: 1 | E93: 7 | F93: 1 | G93: 8 | H93: 5 | K93: 3 | L93: 5 | M93: 5 | N93: 3 | O93: 8 | Q93: 3 | R93: 3 | S93: 4 | T93: 4 | U93: 8 | V93: 5 | W93: 4 | X93: 3 | Y93: 8 | Z93: 2 | AA93: 3 | AB93: 4 | AD93: 6 | AG93: 103 | AI93: =IF(COUNT(B93:AF93)>=20,COUNT(B93:AF93),"") -> 23 | AJ93: =IF(AVERAGE(B93:AF93)>0,_xlfn.STDEV.P(B93:AF93)/AVERAGE(B93:AF93),"") -> 0.4742398 | AK93: =IF(AJ93<>"",IF(AJ93<=0.3,"X",IF(AJ93<=0.6,"Y","Z")),"") -> Y
A94: Drug Item 90 Tablets | C94: 5 | E94: 2 | F94: 3 | H94: 2 | I94: 3 | J94: 3 | K94: 8 | L94: 8 | M94: 3 | N94: 6 | O94: 6 | P94: 2 | Q94: 8 | R94: 6 | T94: 8 | U94: 1 | W94: 8 | X94: 4 | Y94: 3 | Z94: 1 | AA94: 8 | AB94: 1 | AC94: 3 | AD94: 3 | AE94: 3 | AF94: 3 | AG94: 111 | AI94: =IF(COUNT(B94:AF94)>=20,COUNT(B94:AF94),"") -> 26 | AJ94: =IF(AVERAGE(B94:AF94)>0,_xlfn.STDEV.P(B94:AF94)/AVERAGE(B94:AF94),"") -> 0.57212527 | AK94: =IF(AJ94<>"",IF(AJ94<=0.3,"X",IF(AJ94<=0.6,"Y","Z")),"") -> Y
A95: Grand Total | B95: 251 | C95: 277 | D95: 302 | E95: 311 | F95: 245 | G95: 292 | H95: 287 | I95: 222 | J95: 246 | K95: 252 | L95: 272 | M95: 273 | N95: 254 | O95: 264 | P95: 326 | Q95: 301 | R95: 223 | S95: 265 | T95: 293 | U95: 255 | V95: 276 | W95: 298 | X95: 300 | Y95: 244 | Z95: 258 | AA95: 307 | AB95: 246 | AC95: 258 | AD95: 274 | AE95: 297 | AF95: 272 | AG95: 8441

Sheet Paretto_diagram
A2: Row Labels | B2: Sum of Amount | C2: cumul_sum
A3: Drug Item 44 Drops | B3: 29716.96 | C3: =B3 -> 29716.96 | D3: =C3/SUM(B3:B92) -> 0.016896512
A4: Drug Item 17 Drops | B4: 28943.97 | C4: =C3+B4 -> 58660.93 | D4: =C4/SUM(B4:B93) -> 0.03392676
A5: Drug Item 82 Capsules | B5: 25306.87 | C5: =C4+B5 -> 83967.8 | D5: =C5/SUM(B5:B94) -> 0.049389858
A6: Drug Item 89 Drops | B6: 25243.32 | C6: =C5+B6 -> 109211.12 | D6: =C6/SUM(B6:B95) -> 0.065208641
A7: Drug Item 72 Tablets | B7: 25040.8 | C7: =C6+B7 -> 134251.92 | D7: =C7/SUM(B7:B96) -> 0.081386903
A8: Drug Item 20 Syrup | B8: 24630.39 | C8: =C7+B8 -> 158882.31 | D8: =C8/SUM(B8:B97) -> 0.097803155
A9: Drug Item 71 Drops | B9: 24515.81 | C9: =C8+B9 -> 183398.12 | D9: =C9/SUM(B9:B98) -> 0.11463237
A10: Drug Item 90 Tablets | B10: 24092.66 | C10: =C9+B10 -> 207490.78 | D10: =C10/SUM(B10:B99) -> 0.13170966
A11: Drug Item 69 Gel | B11: 23914.41 | C11: =C10+B11 -> 231405.19 | D11: =C11/SUM(B11:B100) -> 0.14917123
A12: Drug Item 3 Injection | B12: 23589.23 | C12: =C11+B12 -> 254994.42 | D12: =C12/SUM(B12:B101) -> 0.16695133
A13: Drug Item 39 Injection | B13: 23493.72 | C13: =C12+B13 -> 278488.14 | D13: =C13/SUM(B13:B102) -> 0.18519348
A14: Drug Item 6 Gel | B14: 23490.75 | C14: =C13+B14 -> 301978.89 | D14: =C14/SUM(B14:B103) -> 0.2040019
A15: Drug Item 35 Drops | B15: 23308.93 | C15: =C14+B15 -> 325287.82 | D15: =C15/SUM(B15:B104) -> 0.22329171
... A92: Drug Item 51 Gel | B92: 10849.66 | C92: =C91+B92 -> 1758763 | D92: =C92/SUM(B92:B181) -> 162.10305
